sample,beat,lane,key,measured_stage,sim_stage,diff,rule_id,tier,note
S2,1,3,critical_coeff_up,0,8,8,PHASE_LAG_ACTIVATION,explained_display_phase,"PHASE_LAG_ACTIVATION: b1 skill activated; screenshot at b1 is PRE-display, in-game UI displays buff from b2"
S2,1,3,critical_rate_up,0,8,8,PHASE_LAG_ACTIVATION,explained_display_phase,"PHASE_LAG_ACTIVATION: b1 skill activated; screenshot at b1 is PRE-display, in-game UI displays buff from b2"
S2,1,3,focus,0,6,6,PHASE_LAG_ACTIVATION,explained_display_phase,"PHASE_LAG_ACTIVATION: b1 skill activated; screenshot at b1 is PRE-display, in-game UI displays buff from b2"
S2,5,3,critical_rate_up,15,8,-7,PHASE_LAG_ACTIVATION,explained_display_phase,"PHASE_LAG_ACTIVATION: Activated on b5 (acts=['sk-skr-05-fest-00-1']); measured reflects immediately (POST), sim reflects next beat (PRE)"
S2,15,3,critical_coeff_up,8,13,5,EXTREME_DISPLAY_VS_EFFECTIVE,explained_display_spec,"EXTREME_DISPLAY_VS_EFFECTIVE: In-game UI displays separate 'critical_coeff_extreme_10', while simulator models effective +5 stages on critical_coeff_up"
S2,16,3,critical_coeff_up,8,13,5,EXTREME_DISPLAY_VS_EFFECTIVE,explained_display_spec,"EXTREME_DISPLAY_VS_EFFECTIVE: In-game UI displays separate 'critical_coeff_extreme_10', while simulator models effective +5 stages on critical_coeff_up"
S2,17,3,critical_coeff_up,8,13,5,EXTREME_DISPLAY_VS_EFFECTIVE,explained_display_spec,"EXTREME_DISPLAY_VS_EFFECTIVE: In-game UI displays separate 'critical_coeff_extreme_10', while simulator models effective +5 stages on critical_coeff_up"
S2,18,3,critical_coeff_up,8,13,5,EXTREME_DISPLAY_VS_EFFECTIVE,explained_display_spec,"EXTREME_DISPLAY_VS_EFFECTIVE: In-game UI displays separate 'critical_coeff_extreme_10', while simulator models effective +5 stages on critical_coeff_up"
S2,19,3,critical_coeff_up,8,13,5,EXTREME_DISPLAY_VS_EFFECTIVE,explained_display_spec,"EXTREME_DISPLAY_VS_EFFECTIVE: In-game UI displays separate 'critical_coeff_extreme_10', while simulator models effective +5 stages on critical_coeff_up"
S2,20,3,critical_coeff_up,8,13,5,EXTREME_DISPLAY_VS_EFFECTIVE,explained_display_spec,"EXTREME_DISPLAY_VS_EFFECTIVE: In-game UI displays separate 'critical_coeff_extreme_10', while simulator models effective +5 stages on critical_coeff_up"
S2,21,3,critical_coeff_up,8,13,5,EXTREME_DISPLAY_VS_EFFECTIVE,explained_display_spec,"EXTREME_DISPLAY_VS_EFFECTIVE: In-game UI displays separate 'critical_coeff_extreme_10', while simulator models effective +5 stages on critical_coeff_up"
S2,22,3,critical_coeff_up,8,13,5,EXTREME_DISPLAY_VS_EFFECTIVE,explained_display_spec,"EXTREME_DISPLAY_VS_EFFECTIVE: In-game UI displays separate 'critical_coeff_extreme_10', while simulator models effective +5 stages on critical_coeff_up"
S2,22,3,visual_up,11,7,-4,PHASE_LAG_ACTIVATION,explained_display_phase,"PHASE_LAG_ACTIVATION: Activated on b22 (acts=['sk-hrk-05-sail-00-1']); measured reflects immediately (POST), sim reflects next beat (PRE)"
S2,23,3,critical_coeff_up,8,13,5,EXTREME_DISPLAY_VS_EFFECTIVE,explained_display_spec,"EXTREME_DISPLAY_VS_EFFECTIVE: In-game UI displays separate 'critical_coeff_extreme_10', while simulator models effective +5 stages on critical_coeff_up"
S2,24,3,critical_coeff_up,8,13,5,EXTREME_DISPLAY_VS_EFFECTIVE,explained_display_spec,"EXTREME_DISPLAY_VS_EFFECTIVE: In-game UI displays separate 'critical_coeff_extreme_10', while simulator models effective +5 stages on critical_coeff_up"
S2,25,3,critical_coeff_up,8,13,5,EXTREME_DISPLAY_VS_EFFECTIVE,explained_display_spec,"EXTREME_DISPLAY_VS_EFFECTIVE: In-game UI displays separate 'critical_coeff_extreme_10', while simulator models effective +5 stages on critical_coeff_up"
S2,26,3,critical_coeff_up,8,13,5,EXTREME_DISPLAY_VS_EFFECTIVE,explained_display_spec,"EXTREME_DISPLAY_VS_EFFECTIVE: In-game UI displays separate 'critical_coeff_extreme_10', while simulator models effective +5 stages on critical_coeff_up"
S2,27,3,critical_coeff_up,8,13,5,EXTREME_DISPLAY_VS_EFFECTIVE,explained_display_spec,"EXTREME_DISPLAY_VS_EFFECTIVE: In-game UI displays separate 'critical_coeff_extreme_10', while simulator models effective +5 stages on critical_coeff_up"
S2,27,3,visual_up,16,11,-5,PHASE_LAG_ACTIVATION,explained_display_phase,"PHASE_LAG_ACTIVATION: Activated on b27 (acts=['sk-skr-05-fest-00-2']); measured reflects immediately (POST), sim reflects next beat (PRE)"
S2,28,3,critical_coeff_up,8,13,5,EXTREME_DISPLAY_VS_EFFECTIVE,explained_display_spec,"EXTREME_DISPLAY_VS_EFFECTIVE: In-game UI displays separate 'critical_coeff_extreme_10', while simulator models effective +5 stages on critical_coeff_up"
S2,29,3,critical_coeff_up,8,13,5,EXTREME_DISPLAY_VS_EFFECTIVE,explained_display_spec,"EXTREME_DISPLAY_VS_EFFECTIVE: In-game UI displays separate 'critical_coeff_extreme_10', while simulator models effective +5 stages on critical_coeff_up"
S2,30,3,critical_coeff_up,8,13,5,EXTREME_DISPLAY_VS_EFFECTIVE,explained_display_spec,"EXTREME_DISPLAY_VS_EFFECTIVE: In-game UI displays separate 'critical_coeff_extreme_10', while simulator models effective +5 stages on critical_coeff_up"
S2,31,3,critical_coeff_up,8,13,5,EXTREME_DISPLAY_VS_EFFECTIVE,explained_display_spec,"EXTREME_DISPLAY_VS_EFFECTIVE: In-game UI displays separate 'critical_coeff_extreme_10', while simulator models effective +5 stages on critical_coeff_up"
S2,32,3,critical_coeff_up,8,13,5,EXTREME_DISPLAY_VS_EFFECTIVE,explained_display_spec,"EXTREME_DISPLAY_VS_EFFECTIVE: In-game UI displays separate 'critical_coeff_extreme_10', while simulator models effective +5 stages on critical_coeff_up"
S2,33,3,critical_coeff_up,8,13,5,EXTREME_DISPLAY_VS_EFFECTIVE,explained_display_spec,"EXTREME_DISPLAY_VS_EFFECTIVE: In-game UI displays separate 'critical_coeff_extreme_10', while simulator models effective +5 stages on critical_coeff_up"
S2,34,3,critical_coeff_up,8,13,5,EXTREME_DISPLAY_VS_EFFECTIVE,explained_display_spec,"EXTREME_DISPLAY_VS_EFFECTIVE: In-game UI displays separate 'critical_coeff_extreme_10', while simulator models effective +5 stages on critical_coeff_up"
S2,35,3,critical_coeff_up,8,13,5,EXTREME_DISPLAY_VS_EFFECTIVE,explained_display_spec,"EXTREME_DISPLAY_VS_EFFECTIVE: In-game UI displays separate 'critical_coeff_extreme_10', while simulator models effective +5 stages on critical_coeff_up"
S2,36,3,critical_coeff_up,8,13,5,EXTREME_DISPLAY_VS_EFFECTIVE,explained_display_spec,"EXTREME_DISPLAY_VS_EFFECTIVE: In-game UI displays separate 'critical_coeff_extreme_10', while simulator models effective +5 stages on critical_coeff_up"
S2,37,3,critical_coeff_up,8,13,5,EXTREME_DISPLAY_VS_EFFECTIVE,explained_display_spec,"EXTREME_DISPLAY_VS_EFFECTIVE: In-game UI displays separate 'critical_coeff_extreme_10', while simulator models effective +5 stages on critical_coeff_up"
S2,38,3,critical_coeff_up,8,13,5,EXTREME_DISPLAY_VS_EFFECTIVE,explained_display_spec,"EXTREME_DISPLAY_VS_EFFECTIVE: In-game UI displays separate 'critical_coeff_extreme_10', while simulator models effective +5 stages on critical_coeff_up"
S2,39,3,critical_coeff_up,8,13,5,EXTREME_DISPLAY_VS_EFFECTIVE,explained_display_spec,"EXTREME_DISPLAY_VS_EFFECTIVE: In-game UI displays separate 'critical_coeff_extreme_10', while simulator models effective +5 stages on critical_coeff_up"
S2,40,3,critical_coeff_up,8,13,5,EXTREME_DISPLAY_VS_EFFECTIVE,explained_display_spec,"EXTREME_DISPLAY_VS_EFFECTIVE: In-game UI displays separate 'critical_coeff_extreme_10', while simulator models effective +5 stages on critical_coeff_up"
S2,41,3,critical_coeff_up,8,13,5,EXTREME_DISPLAY_VS_EFFECTIVE,explained_display_spec,"EXTREME_DISPLAY_VS_EFFECTIVE: In-game UI displays separate 'critical_coeff_extreme_10', while simulator models effective +5 stages on critical_coeff_up"
S2,41,3,score_up,3,0,-3,PHASE_LAG_ACTIVATION,explained_display_phase,"PHASE_LAG_ACTIVATION: Activated on b41 (acts=['sk-rei-05-fest-01-2']); measured reflects immediately (POST), sim reflects next beat (PRE)"
S2,42,3,critical_coeff_up,8,13,5,EXTREME_DISPLAY_VS_EFFECTIVE,explained_display_spec,"EXTREME_DISPLAY_VS_EFFECTIVE: In-game UI displays separate 'critical_coeff_extreme_10', while simulator models effective +5 stages on critical_coeff_up"
S2,43,3,critical_coeff_up,8,13,5,EXTREME_DISPLAY_VS_EFFECTIVE,explained_display_spec,"EXTREME_DISPLAY_VS_EFFECTIVE: In-game UI displays separate 'critical_coeff_extreme_10', while simulator models effective +5 stages on critical_coeff_up"
S2,44,3,critical_coeff_up,8,13,5,EXTREME_DISPLAY_VS_EFFECTIVE,explained_display_spec,"EXTREME_DISPLAY_VS_EFFECTIVE: In-game UI displays separate 'critical_coeff_extreme_10', while simulator models effective +5 stages on critical_coeff_up"
S2,50,3,skill_success_up,3,0,-3,PHASE_LAG_ACTIVATION,explained_display_phase,"PHASE_LAG_ACTIVATION: Activated on b50 (acts=['sk-ktn-05-fest-02-1', 'sk-rei-05-fest-01-3', 'sk-chs-05-fest-00-2', 'sk-ktn-05-fest-02-2']); measured reflects immediately (POST), sim reflects next beat (PRE)"
S2,50,3,visual_up,13,9,-4,PHASE_LAG_ACTIVATION,explained_display_phase,"PHASE_LAG_ACTIVATION: Activated on b50 (acts=['sk-ktn-05-fest-02-1', 'sk-rei-05-fest-01-3', 'sk-chs-05-fest-00-2', 'sk-ktn-05-fest-02-2']); measured reflects immediately (POST), sim reflects next beat (PRE)"
S2,51,3,visual_up,16,13,-3,PHASE_LAG_ACTIVATION,explained_display_phase,"PHASE_LAG_ACTIVATION: Activated on b51 (acts=['sk-chs-05-fest-00-3', 'sk-ktn-05-fest-02-3']); measured reflects immediately (POST), sim reflects next beat (PRE)"
S2,51,4,a_skill_score_up,4,0,-4,PHASE_LAG_ACTIVATION,explained_display_phase,"PHASE_LAG_ACTIVATION: Activated on b51 (acts=['sk-chs-05-fest-00-3', 'sk-ktn-05-fest-02-3']); measured reflects immediately (POST), sim reflects next beat (PRE)"
S2,51,4,score_up,4,0,-4,PHASE_LAG_ACTIVATION,explained_display_phase,"PHASE_LAG_ACTIVATION: Activated on b51 (acts=['sk-chs-05-fest-00-3', 'sk-ktn-05-fest-02-3']); measured reflects immediately (POST), sim reflects next beat (PRE)"
S2,51,5,visual_up,4,0,-4,PHASE_LAG_ACTIVATION,explained_display_phase,"PHASE_LAG_ACTIVATION: Activated on b51 (acts=['sk-chs-05-fest-00-3', 'sk-ktn-05-fest-02-3']); measured reflects immediately (POST), sim reflects next beat (PRE)"
S2,55,1,visual_up,5,0,-5,PHASE_LAG_ACTIVATION,explained_display_phase,"PHASE_LAG_ACTIVATION: Activated on b55 (acts=['sk-hrk-05-sail-00-3']); measured reflects immediately (POST), sim reflects next beat (PRE)"
S2,71,3,visual_up,20,16,-4,PHASE_LAG_ACTIVATION,explained_display_phase,"PHASE_LAG_ACTIVATION: Activated on b71 (acts=['sk-hrk-05-sail-00-1']); measured reflects immediately (POST), sim reflects next beat (PRE)"
S2,80,3,critical_rate_up,15,8,-7,PHASE_LAG_ACTIVATION,explained_display_phase,"PHASE_LAG_ACTIVATION: Activated on b80 (acts=['sk-skr-05-fest-00-1']); measured reflects immediately (POST), sim reflects next beat (PRE)"
S2,89,3,critical_coeff_up,8,13,5,EXTREME_DISPLAY_VS_EFFECTIVE,explained_display_spec,"EXTREME_DISPLAY_VS_EFFECTIVE: In-game UI displays separate 'critical_coeff_extreme_10', while simulator models effective +5 stages on critical_coeff_up"
S2,90,3,critical_coeff_up,8,13,5,EXTREME_DISPLAY_VS_EFFECTIVE,explained_display_spec,"EXTREME_DISPLAY_VS_EFFECTIVE: In-game UI displays separate 'critical_coeff_extreme_10', while simulator models effective +5 stages on critical_coeff_up"
S2,91,3,critical_coeff_up,8,13,5,EXTREME_DISPLAY_VS_EFFECTIVE,explained_display_spec,"EXTREME_DISPLAY_VS_EFFECTIVE: In-game UI displays separate 'critical_coeff_extreme_10', while simulator models effective +5 stages on critical_coeff_up"
S2,92,3,critical_coeff_up,8,13,5,EXTREME_DISPLAY_VS_EFFECTIVE,explained_display_spec,"EXTREME_DISPLAY_VS_EFFECTIVE: In-game UI displays separate 'critical_coeff_extreme_10', while simulator models effective +5 stages on critical_coeff_up"
S2,93,3,critical_coeff_up,8,13,5,EXTREME_DISPLAY_VS_EFFECTIVE,explained_display_spec,"EXTREME_DISPLAY_VS_EFFECTIVE: In-game UI displays separate 'critical_coeff_extreme_10', while simulator models effective +5 stages on critical_coeff_up"
S2,94,3,critical_coeff_up,8,13,5,EXTREME_DISPLAY_VS_EFFECTIVE,explained_display_spec,"EXTREME_DISPLAY_VS_EFFECTIVE: In-game UI displays separate 'critical_coeff_extreme_10', while simulator models effective +5 stages on critical_coeff_up"
S2,94,3,sp_skill_score_up,6,0,-6,PERSISTENT_SP_BUFF,explained_display_spec,"PERSISTENT_SP_BUFF: SP score buff remains on idol after SP note in measured, whereas simulator consumes it"
S2,95,3,sp_skill_score_up,6,0,-6,PERSISTENT_SP_BUFF,explained_display_spec,"PERSISTENT_SP_BUFF: SP score buff remains on idol after SP note in measured, whereas simulator consumes it"
S2,96,3,sp_skill_score_up,6,0,-6,PERSISTENT_SP_BUFF,explained_display_spec,"PERSISTENT_SP_BUFF: SP score buff remains on idol after SP note in measured, whereas simulator consumes it"
S2,97,3,sp_skill_score_up,6,0,-6,PERSISTENT_SP_BUFF,explained_display_spec,"PERSISTENT_SP_BUFF: SP score buff remains on idol after SP note in measured, whereas simulator consumes it"
S2,98,3,sp_skill_score_up,6,0,-6,PERSISTENT_SP_BUFF,explained_display_spec,"PERSISTENT_SP_BUFF: SP score buff remains on idol after SP note in measured, whereas simulator consumes it"
S2,99,3,sp_skill_score_up,6,0,-6,PERSISTENT_SP_BUFF,explained_display_spec,"PERSISTENT_SP_BUFF: SP score buff remains on idol after SP note in measured, whereas simulator consumes it"
S2,100,3,sp_skill_score_up,6,0,-6,PERSISTENT_SP_BUFF,explained_display_spec,"PERSISTENT_SP_BUFF: SP score buff remains on idol after SP note in measured, whereas simulator consumes it"
S2,101,3,sp_skill_score_up,6,0,-6,PERSISTENT_SP_BUFF,explained_display_spec,"PERSISTENT_SP_BUFF: SP score buff remains on idol after SP note in measured, whereas simulator consumes it"
S2,101,3,visual_up,11,8,-3,PHASE_LAG_ACTIVATION,explained_display_phase,"PHASE_LAG_ACTIVATION: Activated on b101 (acts=['sk-chs-05-fest-00-3', 'sk-ktn-05-fest-02-3']); measured reflects immediately (POST), sim reflects next beat (PRE)"
S2,101,4,a_skill_score_up,4,0,-4,PHASE_LAG_ACTIVATION,explained_display_phase,"PHASE_LAG_ACTIVATION: Activated on b101 (acts=['sk-chs-05-fest-00-3', 'sk-ktn-05-fest-02-3']); measured reflects immediately (POST), sim reflects next beat (PRE)"
S2,101,4,score_up,4,0,-4,PHASE_LAG_ACTIVATION,explained_display_phase,"PHASE_LAG_ACTIVATION: Activated on b101 (acts=['sk-chs-05-fest-00-3', 'sk-ktn-05-fest-02-3']); measured reflects immediately (POST), sim reflects next beat (PRE)"
S2,101,5,visual_up,4,0,-4,PHASE_LAG_ACTIVATION,explained_display_phase,"PHASE_LAG_ACTIVATION: Activated on b101 (acts=['sk-chs-05-fest-00-3', 'sk-ktn-05-fest-02-3']); measured reflects immediately (POST), sim reflects next beat (PRE)"
S2,102,3,sp_skill_score_up,6,0,-6,PERSISTENT_SP_BUFF,explained_display_spec,"PERSISTENT_SP_BUFF: SP score buff remains on idol after SP note in measured, whereas simulator consumes it"
S2,103,3,sp_skill_score_up,6,0,-6,PERSISTENT_SP_BUFF,explained_display_spec,"PERSISTENT_SP_BUFF: SP score buff remains on idol after SP note in measured, whereas simulator consumes it"
S2,104,3,sp_skill_score_up,6,0,-6,PERSISTENT_SP_BUFF,explained_display_spec,"PERSISTENT_SP_BUFF: SP score buff remains on idol after SP note in measured, whereas simulator consumes it"
S2,105,3,sp_skill_score_up,6,0,-6,PERSISTENT_SP_BUFF,explained_display_spec,"PERSISTENT_SP_BUFF: SP score buff remains on idol after SP note in measured, whereas simulator consumes it"
S2,106,3,sp_skill_score_up,6,0,-6,PERSISTENT_SP_BUFF,explained_display_spec,"PERSISTENT_SP_BUFF: SP score buff remains on idol after SP note in measured, whereas simulator consumes it"
S2,107,3,sp_skill_score_up,6,0,-6,PERSISTENT_SP_BUFF,explained_display_spec,"PERSISTENT_SP_BUFF: SP score buff remains on idol after SP note in measured, whereas simulator consumes it"
S2,108,3,sp_skill_score_up,6,0,-6,PERSISTENT_SP_BUFF,explained_display_spec,"PERSISTENT_SP_BUFF: SP score buff remains on idol after SP note in measured, whereas simulator consumes it"
S2,109,3,sp_skill_score_up,6,0,-6,PERSISTENT_SP_BUFF,explained_display_spec,"PERSISTENT_SP_BUFF: SP score buff remains on idol after SP note in measured, whereas simulator consumes it"
S2,110,1,visual_up,5,0,-5,PHASE_LAG_ACTIVATION,explained_display_phase,"PHASE_LAG_ACTIVATION: Activated on b110 (acts=['sk-hrk-05-sail-00-3']); measured reflects immediately (POST), sim reflects next beat (PRE)"
S2,110,3,sp_skill_score_up,6,0,-6,PERSISTENT_SP_BUFF,explained_display_spec,"PERSISTENT_SP_BUFF: SP score buff remains on idol after SP note in measured, whereas simulator consumes it"
S2,111,3,sp_skill_score_up,6,0,-6,PERSISTENT_SP_BUFF,explained_display_spec,"PERSISTENT_SP_BUFF: SP score buff remains on idol after SP note in measured, whereas simulator consumes it"
S2,112,3,sp_skill_score_up,6,0,-6,PERSISTENT_SP_BUFF,explained_display_spec,"PERSISTENT_SP_BUFF: SP score buff remains on idol after SP note in measured, whereas simulator consumes it"
S2,113,3,sp_skill_score_up,6,0,-6,PERSISTENT_SP_BUFF,explained_display_spec,"PERSISTENT_SP_BUFF: SP score buff remains on idol after SP note in measured, whereas simulator consumes it"
S2,114,3,sp_skill_score_up,6,0,-6,PERSISTENT_SP_BUFF,explained_display_spec,"PERSISTENT_SP_BUFF: SP score buff remains on idol after SP note in measured, whereas simulator consumes it"
S2,115,3,sp_skill_score_up,6,0,-6,PERSISTENT_SP_BUFF,explained_display_spec,"PERSISTENT_SP_BUFF: SP score buff remains on idol after SP note in measured, whereas simulator consumes it"
S2,116,3,sp_skill_score_up,6,0,-6,PERSISTENT_SP_BUFF,explained_display_spec,"PERSISTENT_SP_BUFF: SP score buff remains on idol after SP note in measured, whereas simulator consumes it"
S2,117,3,sp_skill_score_up,6,0,-6,PERSISTENT_SP_BUFF,explained_display_spec,"PERSISTENT_SP_BUFF: SP score buff remains on idol after SP note in measured, whereas simulator consumes it"
S2,118,3,sp_skill_score_up,6,0,-6,PERSISTENT_SP_BUFF,explained_display_spec,"PERSISTENT_SP_BUFF: SP score buff remains on idol after SP note in measured, whereas simulator consumes it"
S2,119,3,sp_skill_score_up,6,0,-6,PERSISTENT_SP_BUFF,explained_display_spec,"PERSISTENT_SP_BUFF: SP score buff remains on idol after SP note in measured, whereas simulator consumes it"
S2,120,3,sp_skill_score_up,6,0,-6,PERSISTENT_SP_BUFF,explained_display_spec,"PERSISTENT_SP_BUFF: SP score buff remains on idol after SP note in measured, whereas simulator consumes it"
S2,121,3,sp_skill_score_up,6,0,-6,PERSISTENT_SP_BUFF,explained_display_spec,"PERSISTENT_SP_BUFF: SP score buff remains on idol after SP note in measured, whereas simulator consumes it"
S2,122,3,sp_skill_score_up,6,0,-6,PERSISTENT_SP_BUFF,explained_display_spec,"PERSISTENT_SP_BUFF: SP score buff remains on idol after SP note in measured, whereas simulator consumes it"
S2,123,3,sp_skill_score_up,6,0,-6,PERSISTENT_SP_BUFF,explained_display_spec,"PERSISTENT_SP_BUFF: SP score buff remains on idol after SP note in measured, whereas simulator consumes it"
S2,124,3,sp_skill_score_up,6,0,-6,PERSISTENT_SP_BUFF,explained_display_spec,"PERSISTENT_SP_BUFF: SP score buff remains on idol after SP note in measured, whereas simulator consumes it"
S2,125,3,sp_skill_score_up,6,0,-6,PERSISTENT_SP_BUFF,explained_display_spec,"PERSISTENT_SP_BUFF: SP score buff remains on idol after SP note in measured, whereas simulator consumes it"
S2,126,3,sp_skill_score_up,6,0,-6,PERSISTENT_SP_BUFF,explained_display_spec,"PERSISTENT_SP_BUFF: SP score buff remains on idol after SP note in measured, whereas simulator consumes it"
S2,126,3,visual_up,11,7,-4,PHASE_LAG_ACTIVATION,explained_display_phase,"PHASE_LAG_ACTIVATION: Activated on b126 (acts=['sk-hrk-05-sail-00-1']); measured reflects immediately (POST), sim reflects next beat (PRE)"
S2,127,3,sp_skill_score_up,6,0,-6,PERSISTENT_SP_BUFF,explained_display_spec,"PERSISTENT_SP_BUFF: SP score buff remains on idol after SP note in measured, whereas simulator consumes it"
S2,128,3,sp_skill_score_up,6,0,-6,PERSISTENT_SP_BUFF,explained_display_spec,"PERSISTENT_SP_BUFF: SP score buff remains on idol after SP note in measured, whereas simulator consumes it"
S2,129,3,sp_skill_score_up,6,0,-6,PERSISTENT_SP_BUFF,explained_display_spec,"PERSISTENT_SP_BUFF: SP score buff remains on idol after SP note in measured, whereas simulator consumes it"
S2,130,3,sp_skill_score_up,6,0,-6,PERSISTENT_SP_BUFF,explained_display_spec,"PERSISTENT_SP_BUFF: SP score buff remains on idol after SP note in measured, whereas simulator consumes it"
S2,131,3,sp_skill_score_up,6,0,-6,PERSISTENT_SP_BUFF,explained_display_spec,"PERSISTENT_SP_BUFF: SP score buff remains on idol after SP note in measured, whereas simulator consumes it"
S2,132,3,sp_skill_score_up,6,0,-6,PERSISTENT_SP_BUFF,explained_display_spec,"PERSISTENT_SP_BUFF: SP score buff remains on idol after SP note in measured, whereas simulator consumes it"
S2,133,3,sp_skill_score_up,6,0,-6,PERSISTENT_SP_BUFF,explained_display_spec,"PERSISTENT_SP_BUFF: SP score buff remains on idol after SP note in measured, whereas simulator consumes it"
S2,134,3,sp_skill_score_up,6,0,-6,PERSISTENT_SP_BUFF,explained_display_spec,"PERSISTENT_SP_BUFF: SP score buff remains on idol after SP note in measured, whereas simulator consumes it"
S2,135,3,critical_rate_up,15,8,-7,PHASE_LAG_ACTIVATION,explained_display_phase,"PHASE_LAG_ACTIVATION: Activated on b135 (acts=['sk-skr-05-fest-00-1']); measured reflects immediately (POST), sim reflects next beat (PRE)"
S2,135,3,sp_skill_score_up,6,0,-6,PERSISTENT_SP_BUFF,explained_display_spec,"PERSISTENT_SP_BUFF: SP score buff remains on idol after SP note in measured, whereas simulator consumes it"
S2,136,3,sp_skill_score_up,6,0,-6,PERSISTENT_SP_BUFF,explained_display_spec,"PERSISTENT_SP_BUFF: SP score buff remains on idol after SP note in measured, whereas simulator consumes it"
S2,137,3,sp_skill_score_up,6,0,-6,PERSISTENT_SP_BUFF,explained_display_spec,"PERSISTENT_SP_BUFF: SP score buff remains on idol after SP note in measured, whereas simulator consumes it"
S2,138,3,sp_skill_score_up,6,0,-6,PERSISTENT_SP_BUFF,explained_display_spec,"PERSISTENT_SP_BUFF: SP score buff remains on idol after SP note in measured, whereas simulator consumes it"
S2,139,3,sp_skill_score_up,6,0,-6,PERSISTENT_SP_BUFF,explained_display_spec,"PERSISTENT_SP_BUFF: SP score buff remains on idol after SP note in measured, whereas simulator consumes it"
S2,140,3,sp_skill_score_up,6,0,-6,PERSISTENT_SP_BUFF,explained_display_spec,"PERSISTENT_SP_BUFF: SP score buff remains on idol after SP note in measured, whereas simulator consumes it"
S2,141,3,sp_skill_score_up,6,0,-6,PERSISTENT_SP_BUFF,explained_display_spec,"PERSISTENT_SP_BUFF: SP score buff remains on idol after SP note in measured, whereas simulator consumes it"
S2,142,3,sp_skill_score_up,6,0,-6,PERSISTENT_SP_BUFF,explained_display_spec,"PERSISTENT_SP_BUFF: SP score buff remains on idol after SP note in measured, whereas simulator consumes it"
S2,143,3,sp_skill_score_up,6,0,-6,PERSISTENT_SP_BUFF,explained_display_spec,"PERSISTENT_SP_BUFF: SP score buff remains on idol after SP note in measured, whereas simulator consumes it"
S2,144,3,sp_skill_score_up,6,0,-6,PERSISTENT_SP_BUFF,explained_display_spec,"PERSISTENT_SP_BUFF: SP score buff remains on idol after SP note in measured, whereas simulator consumes it"
S2,145,3,sp_skill_score_up,6,0,-6,PERSISTENT_SP_BUFF,explained_display_spec,"PERSISTENT_SP_BUFF: SP score buff remains on idol after SP note in measured, whereas simulator consumes it"
S2,146,3,sp_skill_score_up,6,0,-6,PERSISTENT_SP_BUFF,explained_display_spec,"PERSISTENT_SP_BUFF: SP score buff remains on idol after SP note in measured, whereas simulator consumes it"
S2,147,3,sp_skill_score_up,6,0,-6,PERSISTENT_SP_BUFF,explained_display_spec,"PERSISTENT_SP_BUFF: SP score buff remains on idol after SP note in measured, whereas simulator consumes it"
S2,148,3,sp_skill_score_up,6,0,-6,PERSISTENT_SP_BUFF,explained_display_spec,"PERSISTENT_SP_BUFF: SP score buff remains on idol after SP note in measured, whereas simulator consumes it"
S2,149,3,sp_skill_score_up,6,0,-6,PERSISTENT_SP_BUFF,explained_display_spec,"PERSISTENT_SP_BUFF: SP score buff remains on idol after SP note in measured, whereas simulator consumes it"
S2,150,3,skill_success_up,3,0,-3,PHASE_LAG_ACTIVATION,explained_display_phase,"PHASE_LAG_ACTIVATION: Activated on b150 (acts=['sk-rei-05-fest-01-3', 'sk-chs-05-fest-00-2', 'sk-ktn-05-fest-02-2']); measured reflects immediately (POST), sim reflects next beat (PRE)"
S2,150,3,sp_skill_score_up,6,0,-6,PERSISTENT_SP_BUFF,explained_display_spec,"PERSISTENT_SP_BUFF: SP score buff remains on idol after SP note in measured, whereas simulator consumes it"
S2,150,3,visual_up,8,4,-4,PHASE_LAG_ACTIVATION,explained_display_phase,"PHASE_LAG_ACTIVATION: Activated on b150 (acts=['sk-rei-05-fest-01-3', 'sk-chs-05-fest-00-2', 'sk-ktn-05-fest-02-2']); measured reflects immediately (POST), sim reflects next beat (PRE)"
S2,151,3,sp_skill_score_up,6,0,-6,PERSISTENT_SP_BUFF,explained_display_spec,"PERSISTENT_SP_BUFF: SP score buff remains on idol after SP note in measured, whereas simulator consumes it"
S2,151,3,visual_up,11,8,-3,PHASE_LAG_ACTIVATION,explained_display_phase,"PHASE_LAG_ACTIVATION: Activated on b151 (acts=['sk-chs-05-fest-00-3', 'sk-ktn-05-fest-02-3']); measured reflects immediately (POST), sim reflects next beat (PRE)"
S2,151,4,a_skill_score_up,4,0,-4,PHASE_LAG_ACTIVATION,explained_display_phase,"PHASE_LAG_ACTIVATION: Activated on b151 (acts=['sk-chs-05-fest-00-3', 'sk-ktn-05-fest-02-3']); measured reflects immediately (POST), sim reflects next beat (PRE)"
S2,151,4,score_up,4,0,-4,PHASE_LAG_ACTIVATION,explained_display_phase,"PHASE_LAG_ACTIVATION: Activated on b151 (acts=['sk-chs-05-fest-00-3', 'sk-ktn-05-fest-02-3']); measured reflects immediately (POST), sim reflects next beat (PRE)"
S2,151,5,visual_up,4,0,-4,PHASE_LAG_ACTIVATION,explained_display_phase,"PHASE_LAG_ACTIVATION: Activated on b151 (acts=['sk-chs-05-fest-00-3', 'sk-ktn-05-fest-02-3']); measured reflects immediately (POST), sim reflects next beat (PRE)"
S2,152,3,sp_skill_score_up,6,0,-6,PERSISTENT_SP_BUFF,explained_display_spec,"PERSISTENT_SP_BUFF: SP score buff remains on idol after SP note in measured, whereas simulator consumes it"
S2,153,3,sp_skill_score_up,6,0,-6,PERSISTENT_SP_BUFF,explained_display_spec,"PERSISTENT_SP_BUFF: SP score buff remains on idol after SP note in measured, whereas simulator consumes it"
S2,154,3,sp_skill_score_up,6,0,-6,PERSISTENT_SP_BUFF,explained_display_spec,"PERSISTENT_SP_BUFF: SP score buff remains on idol after SP note in measured, whereas simulator consumes it"
S2,155,3,sp_skill_score_up,6,0,-6,PERSISTENT_SP_BUFF,explained_display_spec,"PERSISTENT_SP_BUFF: SP score buff remains on idol after SP note in measured, whereas simulator consumes it"
S2,156,3,sp_skill_score_up,6,0,-6,PERSISTENT_SP_BUFF,explained_display_spec,"PERSISTENT_SP_BUFF: SP score buff remains on idol after SP note in measured, whereas simulator consumes it"
S2,157,3,sp_skill_score_up,6,0,-6,PERSISTENT_SP_BUFF,explained_display_spec,"PERSISTENT_SP_BUFF: SP score buff remains on idol after SP note in measured, whereas simulator consumes it"
S2,158,3,sp_skill_score_up,6,0,-6,PERSISTENT_SP_BUFF,explained_display_spec,"PERSISTENT_SP_BUFF: SP score buff remains on idol after SP note in measured, whereas simulator consumes it"
S2,159,3,sp_skill_score_up,6,0,-6,PERSISTENT_SP_BUFF,explained_display_spec,"PERSISTENT_SP_BUFF: SP score buff remains on idol after SP note in measured, whereas simulator consumes it"
S2,160,3,sp_skill_score_up,6,0,-6,PERSISTENT_SP_BUFF,explained_display_spec,"PERSISTENT_SP_BUFF: SP score buff remains on idol after SP note in measured, whereas simulator consumes it"
S2,161,3,sp_skill_score_up,6,0,-6,PERSISTENT_SP_BUFF,explained_display_spec,"PERSISTENT_SP_BUFF: SP score buff remains on idol after SP note in measured, whereas simulator consumes it"
S2,162,3,sp_skill_score_up,6,0,-6,PERSISTENT_SP_BUFF,explained_display_spec,"PERSISTENT_SP_BUFF: SP score buff remains on idol after SP note in measured, whereas simulator consumes it"
S2,163,3,sp_skill_score_up,6,0,-6,PERSISTENT_SP_BUFF,explained_display_spec,"PERSISTENT_SP_BUFF: SP score buff remains on idol after SP note in measured, whereas simulator consumes it"
S2,164,3,sp_skill_score_up,6,0,-6,PERSISTENT_SP_BUFF,explained_display_spec,"PERSISTENT_SP_BUFF: SP score buff remains on idol after SP note in measured, whereas simulator consumes it"
S2,165,1,visual_up,5,0,-5,PHASE_LAG_ACTIVATION,explained_display_phase,"PHASE_LAG_ACTIVATION: Activated on b165 (acts=['sk-hrk-05-sail-00-3']); measured reflects immediately (POST), sim reflects next beat (PRE)"
S2,165,3,sp_skill_score_up,6,0,-6,PERSISTENT_SP_BUFF,explained_display_spec,"PERSISTENT_SP_BUFF: SP score buff remains on idol after SP note in measured, whereas simulator consumes it"
S2,166,3,sp_skill_score_up,6,0,-6,PERSISTENT_SP_BUFF,explained_display_spec,"PERSISTENT_SP_BUFF: SP score buff remains on idol after SP note in measured, whereas simulator consumes it"
S2,167,3,sp_skill_score_up,6,0,-6,PERSISTENT_SP_BUFF,explained_display_spec,"PERSISTENT_SP_BUFF: SP score buff remains on idol after SP note in measured, whereas simulator consumes it"
