sample,beat,lane,key,measured_stage,sim_stage,diff,note
S3,1,3,focus,7,10,3,"AMPLIFY_OR_OVERLAP_ON_BEAT: Activation on b1 (['sk-ski-05-waso-00-3', 'uph-uph-lane3-1', 'sk-rei-05-fest-01-3', 'uph-uph-lane2-1', 'sk-ktn-05-fest-02-2', 'uph-uph-lane1-1', 'sk-mhk-05-poli-00-2', 'uph-uph-lane5-1', 'sk-live-lba-passive_skill-060']); measured stage 7 vs sim stage 10"
S3,1,3,score_up,0,7,7,"PHASE_LAG_ACTIVATION: b1 skill activated; screenshot at b1 is PRE-display, in-game UI displays buff from b2"
S3,1,4,score_up,0,2,2,"PHASE_LAG_ACTIVATION: b1 skill activated; screenshot at b1 is PRE-display, in-game UI displays buff from b2"
S3,1,4,visual_boost,3,6,3,"AMPLIFY_OR_OVERLAP_ON_BEAT: Activation on b1 (['sk-ski-05-waso-00-3', 'uph-uph-lane3-1', 'sk-rei-05-fest-01-3', 'uph-uph-lane2-1', 'sk-ktn-05-fest-02-2', 'uph-uph-lane1-1', 'sk-mhk-05-poli-00-2', 'uph-uph-lane5-1', 'sk-live-lba-passive_skill-060']); measured stage 3 vs sim stage 6"
S3,2,2,critical_rate_up,5,0,-5,"PHASE_LAG_ACTIVATION: Activated on b2 (acts=['uph-uph-lane3-2', 'sk-ktn-05-fest-02-3', 'sk-mhk-05-poli-00-3', 'uph-uph-lane5-3', 'sk-ski-05-waso-00-1']); measured reflects immediately (POST), sim reflects next beat (PRE)"
S3,2,3,a_skill_score_up,0,2,2,"AMPLIFY_OR_OVERLAP_ON_BEAT: Activation on b2 (['uph-uph-lane3-2', 'sk-ktn-05-fest-02-3', 'sk-mhk-05-poli-00-3', 'uph-uph-lane5-3', 'sk-ski-05-waso-00-1']); measured stage 0 vs sim stage 2"
S3,3,4,skill_success_up,6,3,-3,"PHASE_LAG_ACTIVATION: Activated on b3 (acts=['sk-rei-05-fest-01-3', 'uph-uph-lane5-4']); measured reflects immediately (POST), sim reflects next beat (PRE)"
S3,3,4,visual_up,11,7,-4,"PHASE_LAG_ACTIVATION: Activated on b3 (acts=['sk-rei-05-fest-01-3', 'uph-uph-lane5-4']); measured reflects immediately (POST), sim reflects next beat (PRE)"
S3,4,1,vocal_boost,5,0,-5,"PHASE_LAG_ACTIVATION: Activated on b4 (acts=['sk-rui-05-fest-01-2']); measured reflects immediately (POST), sim reflects next beat (PRE)"
S3,4,3,vocal_boost,5,0,-5,"PHASE_LAG_ACTIVATION: Activated on b4 (acts=['sk-rui-05-fest-01-2']); measured reflects immediately (POST), sim reflects next beat (PRE)"
S3,13,4,visual_boost,9,6,-3,"PHASE_LAG_ACTIVATION: Activated on b13 (acts=['sk-ski-05-waso-00-3', 'uph-uph-lane3-1']); measured reflects immediately (POST), sim reflects next beat (PRE)"
S3,14,1,critical_coeff_up,6,0,-6,"PHASE_LAG_ACTIVATION: Activated on b14 (acts=['sk-rei-05-fest-01-2']); measured reflects immediately (POST), sim reflects next beat (PRE)"
S3,14,4,critical_coeff_up,10,4,-6,"PHASE_LAG_ACTIVATION: Activated on b14 (acts=['sk-rei-05-fest-01-2']); measured reflects immediately (POST), sim reflects next beat (PRE)"
S3,14,4,visual_up_extreme,10,0,-10,"PHASE_LAG_ACTIVATION: Activated on current beat; measured reflects POST-activation, sim reflects PRE-activation"
S3,15,4,visual_up_extreme,10,5,-5,"EXTREME_DISPLAY_VS_EFFECTIVE: In-game UI displays 10 stages, but simulator engine models effective +5 stages"
S3,16,4,visual_up_extreme,10,5,-5,"EXTREME_DISPLAY_VS_EFFECTIVE: In-game UI displays 10 stages, but simulator engine models effective +5 stages"
S3,17,4,visual_up_extreme,10,5,-5,"EXTREME_DISPLAY_VS_EFFECTIVE: In-game UI displays 10 stages, but simulator engine models effective +5 stages"
S3,18,4,visual_up_extreme,10,5,-5,"EXTREME_DISPLAY_VS_EFFECTIVE: In-game UI displays 10 stages, but simulator engine models effective +5 stages"
S3,19,4,visual_up_extreme,10,5,-5,"EXTREME_DISPLAY_VS_EFFECTIVE: In-game UI displays 10 stages, but simulator engine models effective +5 stages"
S3,20,4,visual_up_extreme,10,5,-5,"EXTREME_DISPLAY_VS_EFFECTIVE: In-game UI displays 10 stages, but simulator engine models effective +5 stages"
S3,21,4,visual_up_extreme,10,5,-5,"EXTREME_DISPLAY_VS_EFFECTIVE: In-game UI displays 10 stages, but simulator engine models effective +5 stages"
S3,22,4,visual_up_extreme,10,5,-5,"EXTREME_DISPLAY_VS_EFFECTIVE: In-game UI displays 10 stages, but simulator engine models effective +5 stages"
S3,23,4,visual_up_extreme,10,5,-5,"EXTREME_DISPLAY_VS_EFFECTIVE: In-game UI displays 10 stages, but simulator engine models effective +5 stages"
S3,24,2,vocal_up,5,0,-5,"PHASE_LAG_ACTIVATION: Activated on b24 (acts=['sk-ski-05-waso-00-2']); measured reflects immediately (POST), sim reflects next beat (PRE)"
S3,24,3,vocal_up,3,0,-3,"PHASE_LAG_ACTIVATION: Activated on b24 (acts=['sk-ski-05-waso-00-2']); measured reflects immediately (POST), sim reflects next beat (PRE)"
S3,24,4,visual_up_extreme,10,5,-5,"EXTREME_DISPLAY_VS_EFFECTIVE: In-game UI displays 10 stages, but simulator engine models effective +5 stages"
S3,24,4,vocal_boost,5,0,-5,"PHASE_LAG_ACTIVATION: Activated on b24 (acts=['sk-ski-05-waso-00-2']); measured reflects immediately (POST), sim reflects next beat (PRE)"
S3,24,4,vocal_up,5,0,-5,"PHASE_LAG_ACTIVATION: Activated on b24 (acts=['sk-ski-05-waso-00-2']); measured reflects immediately (POST), sim reflects next beat (PRE)"
S3,25,4,visual_up_extreme,10,5,-5,"EXTREME_DISPLAY_VS_EFFECTIVE: In-game UI displays 10 stages, but simulator engine models effective +5 stages"
S3,25,4,vocal_boost,5,0,-5,BUFF_STAGE_MISMATCH: Measured 5 vs Sim 0 (diff=-5)
S3,26,4,visual_up_extreme,10,5,-5,"EXTREME_DISPLAY_VS_EFFECTIVE: In-game UI displays 10 stages, but simulator engine models effective +5 stages"
S3,26,4,vocal_boost,5,0,-5,BUFF_STAGE_MISMATCH: Measured 5 vs Sim 0 (diff=-5)
S3,27,4,visual_up_extreme,10,5,-5,"EXTREME_DISPLAY_VS_EFFECTIVE: In-game UI displays 10 stages, but simulator engine models effective +5 stages"
S3,27,4,vocal_boost,5,0,-5,BUFF_STAGE_MISMATCH: Measured 5 vs Sim 0 (diff=-5)
S3,28,4,visual_up_extreme,10,5,-5,"EXTREME_DISPLAY_VS_EFFECTIVE: In-game UI displays 10 stages, but simulator engine models effective +5 stages"
S3,28,4,vocal_boost,5,0,-5,BUFF_STAGE_MISMATCH: Measured 5 vs Sim 0 (diff=-5)
S3,29,4,visual_up_extreme,10,5,-5,"EXTREME_DISPLAY_VS_EFFECTIVE: In-game UI displays 10 stages, but simulator engine models effective +5 stages"
S3,30,4,visual_up_extreme,10,5,-5,"EXTREME_DISPLAY_VS_EFFECTIVE: In-game UI displays 10 stages, but simulator engine models effective +5 stages"
S3,31,4,visual_up_extreme,10,5,-5,"EXTREME_DISPLAY_VS_EFFECTIVE: In-game UI displays 10 stages, but simulator engine models effective +5 stages"
S3,32,4,visual_up_extreme,10,5,-5,"EXTREME_DISPLAY_VS_EFFECTIVE: In-game UI displays 10 stages, but simulator engine models effective +5 stages"
S3,33,4,visual_up_extreme,10,5,-5,"EXTREME_DISPLAY_VS_EFFECTIVE: In-game UI displays 10 stages, but simulator engine models effective +5 stages"
S3,34,1,vocal_boost,10,5,-5,"PHASE_LAG_ACTIVATION: Activated on b34 (acts=['sk-rui-05-fest-01-2']); measured reflects immediately (POST), sim reflects next beat (PRE)"
S3,34,3,vocal_boost,10,5,-5,"PHASE_LAG_ACTIVATION: Activated on b34 (acts=['sk-rui-05-fest-01-2']); measured reflects immediately (POST), sim reflects next beat (PRE)"
S3,34,4,visual_up_extreme,10,5,-5,"EXTREME_DISPLAY_VS_EFFECTIVE: In-game UI displays 10 stages, but simulator engine models effective +5 stages"
S3,35,4,visual_up_extreme,10,5,-5,"EXTREME_DISPLAY_VS_EFFECTIVE: In-game UI displays 10 stages, but simulator engine models effective +5 stages"
S3,36,4,visual_up_extreme,10,5,-5,"EXTREME_DISPLAY_VS_EFFECTIVE: In-game UI displays 10 stages, but simulator engine models effective +5 stages"
S3,37,4,visual_up_extreme,10,5,-5,"EXTREME_DISPLAY_VS_EFFECTIVE: In-game UI displays 10 stages, but simulator engine models effective +5 stages"
S3,38,4,visual_up_extreme,10,5,-5,"EXTREME_DISPLAY_VS_EFFECTIVE: In-game UI displays 10 stages, but simulator engine models effective +5 stages"
S3,39,4,visual_up_extreme,10,5,-5,"EXTREME_DISPLAY_VS_EFFECTIVE: In-game UI displays 10 stages, but simulator engine models effective +5 stages"
S3,40,4,visual_up_extreme,10,5,-5,"EXTREME_DISPLAY_VS_EFFECTIVE: In-game UI displays 10 stages, but simulator engine models effective +5 stages"
S3,41,2,a_skill_score_up,2,0,-2,"PHASE_LAG_ACTIVATION: Activated on b41 (acts=['sk-mhk-05-poli-00-3']); measured reflects immediately (POST), sim reflects next beat (PRE)"
S3,41,3,a_skill_score_up,2,0,-2,"PHASE_LAG_ACTIVATION: Activated on b41 (acts=['sk-mhk-05-poli-00-3']); measured reflects immediately (POST), sim reflects next beat (PRE)"
S3,41,4,visual_up_extreme,10,5,-5,"EXTREME_DISPLAY_VS_EFFECTIVE: In-game UI displays 10 stages, but simulator engine models effective +5 stages"
S3,41,5,a_skill_score_up,2,0,-2,"PHASE_LAG_ACTIVATION: Activated on b41 (acts=['sk-mhk-05-poli-00-3']); measured reflects immediately (POST), sim reflects next beat (PRE)"
S3,42,1,critical_coeff_up,12,6,-6,"PHASE_LAG_ACTIVATION: Activated on b42 (acts=['sk-rei-05-fest-01-2']); measured reflects immediately (POST), sim reflects next beat (PRE)"
S3,42,4,critical_coeff_up,16,10,-6,"PHASE_LAG_ACTIVATION: Activated on b42 (acts=['sk-rei-05-fest-01-2']); measured reflects immediately (POST), sim reflects next beat (PRE)"
S3,42,4,visual_up_extreme,10,5,-5,"EXTREME_DISPLAY_VS_EFFECTIVE: In-game UI displays 10 stages, but simulator engine models effective +5 stages"
S3,44,4,visual_up_extreme,10,5,-5,"EXTREME_DISPLAY_VS_EFFECTIVE: In-game UI displays 10 stages, but simulator engine models effective +5 stages"
S3,45,4,visual_up_extreme,10,5,-5,"EXTREME_DISPLAY_VS_EFFECTIVE: In-game UI displays 10 stages, but simulator engine models effective +5 stages"
S3,46,4,visual_up_extreme,10,5,-5,"EXTREME_DISPLAY_VS_EFFECTIVE: In-game UI displays 10 stages, but simulator engine models effective +5 stages"
S3,47,4,visual_up_extreme,10,5,-5,"EXTREME_DISPLAY_VS_EFFECTIVE: In-game UI displays 10 stages, but simulator engine models effective +5 stages"
S3,48,4,visual_up_extreme,10,5,-5,"EXTREME_DISPLAY_VS_EFFECTIVE: In-game UI displays 10 stages, but simulator engine models effective +5 stages"
S3,49,4,visual_up_extreme,10,5,-5,"EXTREME_DISPLAY_VS_EFFECTIVE: In-game UI displays 10 stages, but simulator engine models effective +5 stages"
S3,50,2,vocal_up,12,5,-7,"PHASE_LAG_ACTIVATION: Activated on b50 (acts=['sk-rui-05-fest-01-3', 'sk-ktn-05-fest-02-2', 'sk-mhk-05-poli-00-2', 'uph-uph-lane5-1']); measured reflects immediately (POST), sim reflects next beat (PRE)"
S3,50,3,score_up,7,0,-7,"PHASE_LAG_ACTIVATION: Activated on b50 (acts=['sk-rui-05-fest-01-3', 'sk-ktn-05-fest-02-2', 'sk-mhk-05-poli-00-2', 'uph-uph-lane5-1']); measured reflects immediately (POST), sim reflects next beat (PRE)"
S3,50,4,score_up,2,0,-2,"PHASE_LAG_ACTIVATION: Activated on b50 (acts=['sk-rui-05-fest-01-3', 'sk-ktn-05-fest-02-2', 'sk-mhk-05-poli-00-2', 'uph-uph-lane5-1']); measured reflects immediately (POST), sim reflects next beat (PRE)"
S3,50,4,visual_up_extreme,10,5,-5,"EXTREME_DISPLAY_VS_EFFECTIVE: In-game UI displays 10 stages, but simulator engine models effective +5 stages"
S3,51,1,visual_up,4,0,-4,"PHASE_LAG_ACTIVATION: Activated on b51 (acts=['sk-ktn-05-fest-02-1', 'sk-rui-05-fest-01-3', 'sk-ktn-05-fest-02-3', 'uph-uph-lane5-2']); measured reflects immediately (POST), sim reflects next beat (PRE)"
S3,51,4,critical_coeff_up,11,6,-5,"PHASE_LAG_ACTIVATION: Activated on b51 (acts=['sk-ktn-05-fest-02-1', 'sk-rui-05-fest-01-3', 'sk-ktn-05-fest-02-3', 'uph-uph-lane5-2']); measured reflects immediately (POST), sim reflects next beat (PRE)"
S3,51,4,visual_up,7,0,-7,"PHASE_LAG_ACTIVATION: Activated on b51 (acts=['sk-ktn-05-fest-02-1', 'sk-rui-05-fest-01-3', 'sk-ktn-05-fest-02-3', 'uph-uph-lane5-2']); measured reflects immediately (POST), sim reflects next beat (PRE)"
S3,51,4,visual_up_extreme,10,5,-5,"EXTREME_DISPLAY_VS_EFFECTIVE: In-game UI displays 10 stages, but simulator engine models effective +5 stages"
S3,52,4,visual_up_extreme,10,5,-5,"EXTREME_DISPLAY_VS_EFFECTIVE: In-game UI displays 10 stages, but simulator engine models effective +5 stages"
S3,53,4,skill_success_up,3,0,-3,"PHASE_LAG_ACTIVATION: Activated on b53 (acts=['uph-uph-lane5-3', 'sk-rei-05-fest-01-3', 'sk-rui-05-fest-01-3', 'uph-uph-lane5-3']); measured reflects immediately (POST), sim reflects next beat (PRE)"
S3,53,4,visual_up,11,7,-4,"PHASE_LAG_ACTIVATION: Activated on b53 (acts=['uph-uph-lane5-3', 'sk-rei-05-fest-01-3', 'sk-rui-05-fest-01-3', 'uph-uph-lane5-3']); measured reflects immediately (POST), sim reflects next beat (PRE)"
S3,53,4,visual_up_extreme,10,5,-5,"EXTREME_DISPLAY_VS_EFFECTIVE: In-game UI displays 10 stages, but simulator engine models effective +5 stages"
S3,54,4,visual_up_extreme,10,5,-5,"EXTREME_DISPLAY_VS_EFFECTIVE: In-game UI displays 10 stages, but simulator engine models effective +5 stages"
S3,55,4,visual_up_extreme,10,5,-5,"EXTREME_DISPLAY_VS_EFFECTIVE: In-game UI displays 10 stages, but simulator engine models effective +5 stages"
S3,56,4,skill_success_up,0,3,3,DECAY_TIMING_LAG: Buff expired in measured 1-2 beats earlier than sim
S3,56,4,visual_up_extreme,10,5,-5,"EXTREME_DISPLAY_VS_EFFECTIVE: In-game UI displays 10 stages, but simulator engine models effective +5 stages"
S3,56,4,vocal_boost,5,0,-5,"PHASE_LAG_ACTIVATION: Activated on b56 (acts=['uph-uph-lane5-3', 'sk-rui-05-fest-01-3', 'uph-uph-lane5-3']); measured reflects immediately (POST), sim reflects next beat (PRE)"
S3,57,4,visual_up_extreme,10,5,-5,"EXTREME_DISPLAY_VS_EFFECTIVE: In-game UI displays 10 stages, but simulator engine models effective +5 stages"
S3,58,4,visual_up_extreme,10,5,-5,"EXTREME_DISPLAY_VS_EFFECTIVE: In-game UI displays 10 stages, but simulator engine models effective +5 stages"
S3,59,4,visual_up_extreme,10,5,-5,"EXTREME_DISPLAY_VS_EFFECTIVE: In-game UI displays 10 stages, but simulator engine models effective +5 stages"
S3,60,4,a_skill_score_up,2,0,-2,"PHASE_LAG_ACTIVATION: Activated on b60 (acts=['uph-uph-lane5-3', 'sk-rui-05-fest-01-2', 'uph-uph-lane2-1', 'uph-uph-lane1-1', 'uph-uph-lane5-3']); measured reflects immediately (POST), sim reflects next beat (PRE)"
S3,60,4,visual_up_extreme,10,5,-5,"EXTREME_DISPLAY_VS_EFFECTIVE: In-game UI displays 10 stages, but simulator engine models effective +5 stages"
S3,60,4,vocal_up,7,0,-7,"PHASE_LAG_ACTIVATION: Activated on b60 (acts=['uph-uph-lane5-3', 'sk-rui-05-fest-01-2', 'uph-uph-lane2-1', 'uph-uph-lane1-1', 'uph-uph-lane5-3']); measured reflects immediately (POST), sim reflects next beat (PRE)"
S3,61,4,skill_success_up,6,3,-3,"PHASE_LAG_ACTIVATION: Activated on b61 (acts=['uph-uph-lane5-3', 'sk-live-lba-passive_skill-060', 'sk-rei-05-fest-01-3', 'sk-ktn-05-fest-02-2', 'sk-ktn-05-fest-02-3', 'uph-uph-lane5-3']); measured reflects immediately (POST), sim reflects next beat (PRE)"
S3,61,4,visual_boost,0,3,3,"AMPLIFY_OR_OVERLAP_ON_BEAT: Activation on b61 (['uph-uph-lane5-3', 'sk-live-lba-passive_skill-060', 'sk-rei-05-fest-01-3', 'sk-ktn-05-fest-02-2', 'sk-ktn-05-fest-02-3', 'uph-uph-lane5-3']); measured stage 0 vs sim stage 3"
S3,61,4,visual_up,15,11,-4,"PHASE_LAG_ACTIVATION: Activated on b61 (acts=['uph-uph-lane5-3', 'sk-live-lba-passive_skill-060', 'sk-rei-05-fest-01-3', 'sk-ktn-05-fest-02-2', 'sk-ktn-05-fest-02-3', 'uph-uph-lane5-3']); measured reflects immediately (POST), sim reflects next beat (PRE)"
S3,61,4,visual_up_extreme,10,5,-5,"EXTREME_DISPLAY_VS_EFFECTIVE: In-game UI displays 10 stages, but simulator engine models effective +5 stages"
S3,62,4,visual_up_extreme,10,5,-5,"EXTREME_DISPLAY_VS_EFFECTIVE: In-game UI displays 10 stages, but simulator engine models effective +5 stages"
S3,63,4,a_skill_score_up,2,0,-2,"PHASE_LAG_ACTIVATION: Activated on b63 (acts=['sk-ktn-05-fest-02-2', 'sk-ktn-05-fest-02-3', 'uph-uph-lane5-3', 'sk-ktn-05-fest-02-2', 'sk-ktn-05-fest-02-3', 'uph-uph-lane5-3']); measured reflects immediately (POST), sim reflects next beat (PRE)"
S3,63,4,visual_boost,0,3,3,DECAY_TIMING_LAG: Buff expired in measured 1-2 beats earlier than sim
S3,63,4,visual_up_extreme,10,5,-5,"EXTREME_DISPLAY_VS_EFFECTIVE: In-game UI displays 10 stages, but simulator engine models effective +5 stages"
S3,64,4,visual_up_extreme,10,5,-5,"EXTREME_DISPLAY_VS_EFFECTIVE: In-game UI displays 10 stages, but simulator engine models effective +5 stages"
S3,65,3,vocal_up,7,3,-4,"PHASE_LAG_ACTIVATION: Activated on b65 (acts=['sk-ktn-05-fest-02-2', 'sk-ktn-05-fest-02-3', 'sk-ktn-05-fest-02-2', 'sk-ktn-05-fest-02-3']); measured reflects immediately (POST), sim reflects next beat (PRE)"
S3,65,4,visual_up_extreme,10,5,-5,"EXTREME_DISPLAY_VS_EFFECTIVE: In-game UI displays 10 stages, but simulator engine models effective +5 stages"
S3,66,3,vocal_up,7,3,-4,"PHASE_LAG_ACTIVATION: Activated on b66 (acts=['sk-ktn-05-fest-02-2', 'sk-ktn-05-fest-02-3', 'sk-ktn-05-fest-02-2', 'sk-ktn-05-fest-02-3']); measured reflects immediately (POST), sim reflects next beat (PRE)"
S3,66,4,visual_up_extreme,10,5,-5,"EXTREME_DISPLAY_VS_EFFECTIVE: In-game UI displays 10 stages, but simulator engine models effective +5 stages"
S3,67,4,visual_up_extreme,10,5,-5,"EXTREME_DISPLAY_VS_EFFECTIVE: In-game UI displays 10 stages, but simulator engine models effective +5 stages"
S3,68,4,visual_up_extreme,10,5,-5,"EXTREME_DISPLAY_VS_EFFECTIVE: In-game UI displays 10 stages, but simulator engine models effective +5 stages"
S3,69,4,visual_up_extreme,10,5,-5,"EXTREME_DISPLAY_VS_EFFECTIVE: In-game UI displays 10 stages, but simulator engine models effective +5 stages"
S3,70,4,visual_boost,0,3,3,DECAY_TIMING_LAG: Buff expired in measured 1-2 beats earlier than sim
S3,70,4,visual_up_extreme,10,5,-5,"EXTREME_DISPLAY_VS_EFFECTIVE: In-game UI displays 10 stages, but simulator engine models effective +5 stages"
S3,71,4,visual_up_extreme,10,5,-5,"EXTREME_DISPLAY_VS_EFFECTIVE: In-game UI displays 10 stages, but simulator engine models effective +5 stages"
S3,73,3,focus,10,6,-4,"PHASE_LAG_ACTIVATION: Activated on b73 (acts=['sk-ktn-05-fest-02-2', 'sk-ktn-05-fest-02-3', 'sk-ski-05-waso-00-3', 'uph-uph-lane3-1', 'sk-ktn-05-fest-02-2', 'sk-ktn-05-fest-02-3', 'uph-uph-lane1-1']); measured reflects immediately (POST), sim reflects next beat (PRE)"
S3,73,4,visual_boost,6,3,-3,"PHASE_LAG_ACTIVATION: Activated on b73 (acts=['sk-ktn-05-fest-02-2', 'sk-ktn-05-fest-02-3', 'sk-ski-05-waso-00-3', 'uph-uph-lane3-1', 'sk-ktn-05-fest-02-2', 'sk-ktn-05-fest-02-3', 'uph-uph-lane1-1']); measured reflects immediately (POST), sim reflects next beat (PRE)"
S3,79,2,critical_rate_up,5,0,-5,"PHASE_LAG_ACTIVATION: Activated on b79 (acts=['sk-ktn-05-fest-02-2', 'sk-ktn-05-fest-02-3', 'uph-uph-lane1-1', 'sk-ski-05-waso-00-1', 'sk-ktn-05-fest-02-2', 'sk-ktn-05-fest-02-3', 'uph-uph-lane1-1']); measured reflects immediately (POST), sim reflects next beat (PRE)"
S3,79,3,critical_rate_up,10,5,-5,"PHASE_LAG_ACTIVATION: Activated on b79 (acts=['sk-ktn-05-fest-02-2', 'sk-ktn-05-fest-02-3', 'uph-uph-lane1-1', 'sk-ski-05-waso-00-1', 'sk-ktn-05-fest-02-2', 'sk-ktn-05-fest-02-3', 'uph-uph-lane1-1']); measured reflects immediately (POST), sim reflects next beat (PRE)"
S3,81,1,critical_coeff_up,6,0,-6,"PHASE_LAG_ACTIVATION: Activated on b81 (acts=['sk-ktn-05-fest-02-2', 'sk-ktn-05-fest-02-3', 'uph-uph-lane1-1', 'sk-rei-05-fest-01-2', 'sk-ktn-05-fest-02-2', 'sk-ktn-05-fest-02-3', 'uph-uph-lane1-1', 'sk-mhk-05-poli-00-3']); measured reflects immediately (POST), sim reflects next beat (PRE)"
S3,81,4,critical_coeff_up,11,5,-6,"PHASE_LAG_ACTIVATION: Activated on b81 (acts=['sk-ktn-05-fest-02-2', 'sk-ktn-05-fest-02-3', 'uph-uph-lane1-1', 'sk-rei-05-fest-01-2', 'sk-ktn-05-fest-02-2', 'sk-ktn-05-fest-02-3', 'uph-uph-lane1-1', 'sk-mhk-05-poli-00-3']); measured reflects immediately (POST), sim reflects next beat (PRE)"
S3,81,4,visual_up_extreme,10,0,-10,"PHASE_LAG_ACTIVATION: Activated on current beat; measured reflects POST-activation, sim reflects PRE-activation"
S3,82,4,visual_up_extreme,10,5,-5,"EXTREME_DISPLAY_VS_EFFECTIVE: In-game UI displays 10 stages, but simulator engine models effective +5 stages"
S3,83,4,visual_up_extreme,10,5,-5,"EXTREME_DISPLAY_VS_EFFECTIVE: In-game UI displays 10 stages, but simulator engine models effective +5 stages"
S3,84,4,visual_up_extreme,10,5,-5,"EXTREME_DISPLAY_VS_EFFECTIVE: In-game UI displays 10 stages, but simulator engine models effective +5 stages"
S3,85,4,visual_up_extreme,10,5,-5,"EXTREME_DISPLAY_VS_EFFECTIVE: In-game UI displays 10 stages, but simulator engine models effective +5 stages"
S3,86,4,visual_up_extreme,10,5,-5,"EXTREME_DISPLAY_VS_EFFECTIVE: In-game UI displays 10 stages, but simulator engine models effective +5 stages"
S3,87,4,visual_up_extreme,10,5,-5,"EXTREME_DISPLAY_VS_EFFECTIVE: In-game UI displays 10 stages, but simulator engine models effective +5 stages"
S3,88,4,visual_up_extreme,10,5,-5,"EXTREME_DISPLAY_VS_EFFECTIVE: In-game UI displays 10 stages, but simulator engine models effective +5 stages"
S3,89,4,visual_up_extreme,10,5,-5,"EXTREME_DISPLAY_VS_EFFECTIVE: In-game UI displays 10 stages, but simulator engine models effective +5 stages"
S3,90,4,visual_up_extreme,10,5,-5,"EXTREME_DISPLAY_VS_EFFECTIVE: In-game UI displays 10 stages, but simulator engine models effective +5 stages"
S3,91,4,visual_up_extreme,10,5,-5,"EXTREME_DISPLAY_VS_EFFECTIVE: In-game UI displays 10 stages, but simulator engine models effective +5 stages"
S3,92,4,visual_up_extreme,10,5,-5,"EXTREME_DISPLAY_VS_EFFECTIVE: In-game UI displays 10 stages, but simulator engine models effective +5 stages"
S3,93,4,visual_up_extreme,10,5,-5,"EXTREME_DISPLAY_VS_EFFECTIVE: In-game UI displays 10 stages, but simulator engine models effective +5 stages"
S3,94,4,visual_up_extreme,10,5,-5,"EXTREME_DISPLAY_VS_EFFECTIVE: In-game UI displays 10 stages, but simulator engine models effective +5 stages"
S3,95,4,visual_up_extreme,10,5,-5,"EXTREME_DISPLAY_VS_EFFECTIVE: In-game UI displays 10 stages, but simulator engine models effective +5 stages"
S3,96,4,visual_up_extreme,10,5,-5,"EXTREME_DISPLAY_VS_EFFECTIVE: In-game UI displays 10 stages, but simulator engine models effective +5 stages"
S3,97,4,visual_up_extreme,10,5,-5,"EXTREME_DISPLAY_VS_EFFECTIVE: In-game UI displays 10 stages, but simulator engine models effective +5 stages"
S3,98,4,visual_up_extreme,10,5,-5,"EXTREME_DISPLAY_VS_EFFECTIVE: In-game UI displays 10 stages, but simulator engine models effective +5 stages"
S3,99,4,visual_up_extreme,10,5,-5,"EXTREME_DISPLAY_VS_EFFECTIVE: In-game UI displays 10 stages, but simulator engine models effective +5 stages"
S3,100,4,visual_up_extreme,10,5,-5,"EXTREME_DISPLAY_VS_EFFECTIVE: In-game UI displays 10 stages, but simulator engine models effective +5 stages"
S3,101,4,visual_up_extreme,10,5,-5,"EXTREME_DISPLAY_VS_EFFECTIVE: In-game UI displays 10 stages, but simulator engine models effective +5 stages"
S3,102,4,visual_up_extreme,10,5,-5,"EXTREME_DISPLAY_VS_EFFECTIVE: In-game UI displays 10 stages, but simulator engine models effective +5 stages"
S3,103,4,visual_up_extreme,10,5,-5,"EXTREME_DISPLAY_VS_EFFECTIVE: In-game UI displays 10 stages, but simulator engine models effective +5 stages"
S3,104,4,visual_up_extreme,10,5,-5,"EXTREME_DISPLAY_VS_EFFECTIVE: In-game UI displays 10 stages, but simulator engine models effective +5 stages"
S3,105,4,visual_up_extreme,10,5,-5,"EXTREME_DISPLAY_VS_EFFECTIVE: In-game UI displays 10 stages, but simulator engine models effective +5 stages"
S3,106,4,visual_up_extreme,10,5,-5,"EXTREME_DISPLAY_VS_EFFECTIVE: In-game UI displays 10 stages, but simulator engine models effective +5 stages"
S3,107,4,visual_up_extreme,10,5,-5,"EXTREME_DISPLAY_VS_EFFECTIVE: In-game UI displays 10 stages, but simulator engine models effective +5 stages"
S3,108,4,visual_up_extreme,10,5,-5,"EXTREME_DISPLAY_VS_EFFECTIVE: In-game UI displays 10 stages, but simulator engine models effective +5 stages"
S3,109,4,visual_up_extreme,10,5,-5,"EXTREME_DISPLAY_VS_EFFECTIVE: In-game UI displays 10 stages, but simulator engine models effective +5 stages"
S3,110,4,visual_up_extreme,10,5,-5,"EXTREME_DISPLAY_VS_EFFECTIVE: In-game UI displays 10 stages, but simulator engine models effective +5 stages"
S3,123,2,vocal_up,5,0,-5,"PHASE_LAG_ACTIVATION: Activated on b123 (acts=['sk-rei-05-fest-01-3', 'uph-uph-lane2-1', 'sk-ktn-05-fest-02-2', 'sk-ktn-05-fest-02-3', 'uph-uph-lane1-1', 'sk-mhk-05-poli-00-2', 'sk-mhk-05-poli-00-3', 'uph-uph-lane5-1', 'uph-uph-lane5-3', 'sk-ski-05-waso-00-2', 'sk-rei-05-fest-01-3', 'uph-uph-lane2-1', 'sk-ktn-05-fest-02-2', 'sk-ktn-05-fest-02-3', 'uph-uph-lane1-1', 'sk-mhk-05-poli-00-2', 'sk-mhk-05-poli-00-3', 'uph-uph-lane5-1', 'uph-uph-lane5-3']); measured reflects immediately (POST), sim reflects next beat (PRE)"
S3,123,4,vocal_up,5,0,-5,"PHASE_LAG_ACTIVATION: Activated on b123 (acts=['sk-rei-05-fest-01-3', 'uph-uph-lane2-1', 'sk-ktn-05-fest-02-2', 'sk-ktn-05-fest-02-3', 'uph-uph-lane1-1', 'sk-mhk-05-poli-00-2', 'sk-mhk-05-poli-00-3', 'uph-uph-lane5-1', 'uph-uph-lane5-3', 'sk-ski-05-waso-00-2', 'sk-rei-05-fest-01-3', 'uph-uph-lane2-1', 'sk-ktn-05-fest-02-2', 'sk-ktn-05-fest-02-3', 'uph-uph-lane1-1', 'sk-mhk-05-poli-00-2', 'sk-mhk-05-poli-00-3', 'uph-uph-lane5-1', 'uph-uph-lane5-3']); measured reflects immediately (POST), sim reflects next beat (PRE)"
S3,133,3,focus,7,0,-7,"PHASE_LAG_ACTIVATION: Activated on b133 (acts=['sk-rei-05-fest-01-3', 'uph-uph-lane2-1', 'sk-ktn-05-fest-02-2', 'sk-ktn-05-fest-02-3', 'uph-uph-lane1-1', 'sk-mhk-05-poli-00-2', 'sk-mhk-05-poli-00-3', 'uph-uph-lane5-1', 'uph-uph-lane5-3', 'sk-rui-05-fest-01-2', 'sk-ski-05-waso-00-3', 'uph-uph-lane3-1', 'sk-rei-05-fest-01-3', 'uph-uph-lane2-1', 'sk-ktn-05-fest-02-2', 'sk-ktn-05-fest-02-3', 'uph-uph-lane1-1', 'sk-mhk-05-poli-00-2', 'sk-mhk-05-poli-00-3', 'uph-uph-lane5-1', 'uph-uph-lane5-3']); measured reflects immediately (POST), sim reflects next beat (PRE)"
S3,133,4,visual_boost,3,0,-3,"PHASE_LAG_ACTIVATION: Activated on b133 (acts=['sk-rei-05-fest-01-3', 'uph-uph-lane2-1', 'sk-ktn-05-fest-02-2', 'sk-ktn-05-fest-02-3', 'uph-uph-lane1-1', 'sk-mhk-05-poli-00-2', 'sk-mhk-05-poli-00-3', 'uph-uph-lane5-1', 'uph-uph-lane5-3', 'sk-rui-05-fest-01-2', 'sk-ski-05-waso-00-3', 'uph-uph-lane3-1', 'sk-rei-05-fest-01-3', 'uph-uph-lane2-1', 'sk-ktn-05-fest-02-2', 'sk-ktn-05-fest-02-3', 'uph-uph-lane1-1', 'sk-mhk-05-poli-00-2', 'sk-mhk-05-poli-00-3', 'uph-uph-lane5-1', 'uph-uph-lane5-3']); measured reflects immediately (POST), sim reflects next beat (PRE)"
S3,169,2,critical_rate_up,5,0,-5,"PHASE_LAG_ACTIVATION: Activated on b169 (acts=['sk-rei-05-fest-01-3', 'uph-uph-lane2-1', 'sk-ktn-05-fest-02-2', 'sk-ktn-05-fest-02-3', 'uph-uph-lane1-1', 'sk-mhk-05-poli-00-2', 'sk-mhk-05-poli-00-3', 'uph-uph-lane5-1', 'uph-uph-lane5-3', 'sk-ski-05-waso-00-1', 'sk-rei-05-fest-01-3', 'uph-uph-lane2-1', 'sk-ktn-05-fest-02-2', 'sk-ktn-05-fest-02-3', 'uph-uph-lane1-1', 'sk-mhk-05-poli-00-2', 'sk-mhk-05-poli-00-3', 'uph-uph-lane5-1', 'uph-uph-lane5-3']); measured reflects immediately (POST), sim reflects next beat (PRE)"
S3,169,3,critical_rate_up,5,0,-5,"PHASE_LAG_ACTIVATION: Activated on b169 (acts=['sk-rei-05-fest-01-3', 'uph-uph-lane2-1', 'sk-ktn-05-fest-02-2', 'sk-ktn-05-fest-02-3', 'uph-uph-lane1-1', 'sk-mhk-05-poli-00-2', 'sk-mhk-05-poli-00-3', 'uph-uph-lane5-1', 'uph-uph-lane5-3', 'sk-ski-05-waso-00-1', 'sk-rei-05-fest-01-3', 'uph-uph-lane2-1', 'sk-ktn-05-fest-02-2', 'sk-ktn-05-fest-02-3', 'uph-uph-lane1-1', 'sk-mhk-05-poli-00-2', 'sk-mhk-05-poli-00-3', 'uph-uph-lane5-1', 'uph-uph-lane5-3']); measured reflects immediately (POST), sim reflects next beat (PRE)"
