Beat Score,ビートスコア,,
ステージの属性で「ボダビ」という属性のスコア率が変わります。,,,
レーン毎に変わらず、「センターレーン」の属性で決められています。,,,
,,,
"The contribution of each primary ability score (Vo, Da, Vi) depends on the stage.",,,
The scoring rate is not different for each lane; the center lane will decide the primary attribute for all 5 lanes.,,,
,,,
スコア = 基本スコア × Bスコアのボーナス × コンボのボーナス × 来場ファン数のボーナス × ステージの特徴 × 乱数の因子 × クリティカル係数 + 固定のボーナス,,,
Score = (BasicScore * BeatScoreBonus * ComboBonus * FanBonus * StageBonus * RandomFactor * CriticalFactor) + FixedBonus,,,
,,,
BasicScore (基本スコア),,,
,Center = Vocal,Center = Dance,Center = Visual
Vo,3.00%,0.75%,1.25%
Da,1.25%,3.00%,0.75%
Vi,0.75%,1.25%,3.00%
,,,
BeatScoreBonus (Bスコアのボーナス),,,
100% + (Bスコアアップの段階 × 10%) + (スコアアップの段階 × 2.5%) + エールによるボーナス + フォトによるボーナス,,,
100% + (Beat Score UP # Steps * 10%) + (Score UP # Steps * 2.5%) + Aile Bonus + Photo Bonus,,,
,,,
ComboBonus (コンボのボーナス),,,
コンボのボーナス,,,
Combo Score Bonus,,,
,,,
FanBonus (来場ファン数のボーナス),,,
来場ファン数のボーナス,,,
Fan Attendance Bonus,,,
,,,
StageBonus (ステージの特徴),,,
虫眼鏡で確認してください。,,,
Check the magnifying glass symbol on each stage to check.,,,
,,,
RandomFactor (乱数の因子),,,
95.0% ~ 105.0%,(±5%),,
単位 = 0.1% (101選択肢),,,
"Any random value from 95.0% to 105.0%, in 0.1% increments (total 101 possibilities)",,,
,,,
CriticalFactor (クリティカル係数),,,
クリティカルが発生した場合には150%以上です。普通の場合は100%、つまり変わりません。,,,
"If there is a critical, then the score will be at least 150%. Normally, this factor is 100% (no change).",,,
,,,
FixedBonus (固定のボーナス),,,
フォトの固定値やイベントなど,,,
"Fixed bonus score from photos, events, etc.",,,
,,,
Back to: IDOLY PRIDE Resource Portal,,,
アイドリープライドの攻略情報へ戻る,,,