クリティカル・メンタル,,固定値,品質 (Quality),,,,,,,,,,,,,,,,,,,,,,,,,,,,,,,,,,Event Buff Required,,,,,
Critical / Mental,,Flat Bonus,☆1 Film,☆1 Film,☆1 Film,☆1 Film,☆1 Film,☆1 Film,☆2 Film,☆2 Film,☆2 Film,☆2 Film,☆3 Film,☆3 Film,☆3 Film,☆3 Film,☆4 Film,☆4 Film,☆4 Film,☆4 Film,☆5 Film,☆5 Film,☆5 Film,☆5 Film,☆6 Film,☆6 Film,☆6 Film,☆6 Film,☆7 Film,☆7 Film,☆7-8 Film,☆7-8 Film,☆8-9 Film,☆8-9 Film,☆9 Film,☆9 Film,イベントのみ →,,,,,
レアリティ(☆),力 (Power),因子 (Factor),Quality 10,Quality 15,Quality 20,Quality 25,Quality 30,Quality 35,Quality 40,Quality 45,Quality 50,Quality 55,Quality 60,Quality 65,Quality 70,Quality 75,Quality 80,Quality 85,Quality 90,Quality 95,Quality 100,Quality 105,Quality 110,Quality 115,Quality 120,Quality 125,Quality 130,Quality 135,Quality 140,Quality 145,Quality 150,Quality 155,Quality 160,Quality 165,Quality 170,Quality 175,Quality 180,Quality 185,Quality 190,Quality 195,Quality 200,Quality 205
☆,0,20.0%,4,6,8,11,13,15,17,20,23,26,30,37,44,51,58,67,75,84,93,106,118,131,144,159,175,190,208,226,246,285,301,317,333,349,365,380,396,412,428,439
☆,1,20.8%,4,6,8,11,13,15,17,20,23,27,31,38,45,53,60,69,78,87,96,110,122,136,149,165,182,197,216,235,255,296,313,329,346,362,379,395,411,428,445,456
☆,2,21.6%,4,6,8,11,14,16,18,21,24,28,32,39,47,55,62,72,81,90,100,114,127,141,155,171,189,205,224,244,265,307,325,342,359,376,394,410,427,444,462,474
☆,3,22.4%,4,6,8,12,14,16,19,22,25,29,33,41,49,57,64,75,84,94,104,118,132,146,161,178,196,212,232,253,275,319,337,355,372,390,408,425,443,461,479,491
☆,4,23.2%,4,6,9,12,15,17,19,23,26,30,34,42,51,59,67,77,87,97,107,122,136,151,167,184,203,220,241,262,285,330,349,367,386,404,423,440,459,477,496,509
☆,5,24.0%,4,7,9,13,15,18,20,24,27,31,36,44,52,61,69,80,90,100,111,127,141,157,172,190,210,228,249,271,295,342,361,380,399,418,438,456,475,494,513,526
☆,6,24.8%,4,7,9,13,16,18,21,24,28,32,37,45,54,63,71,83,93,104,115,131,146,162,178,197,217,235,257,280,305,353,373,393,412,432,452,471,491,510,530,544
☆,7,25.6%,5,7,10,14,16,19,21,25,29,33,38,47,56,65,74,85,96,107,119,135,151,167,184,203,224,243,266,289,314,364,385,405,426,446,467,486,506,527,547,561
☆,8,26.4%,5,7,10,14,17,19,22,26,30,34,39,48,58,67,76,88,99,110,122,139,155,172,190,209,231,250,274,298,324,376,397,418,439,460,481,501,522,543,564,579
☆,10,28.0%,5,8,11,15,18,21,23,28,32,36,42,51,61,71,81,93,105,117,130,148,165,183,201,222,245,266,291,316,344,399,421,443,466,488,511,532,554,576,599,614
☆☆,0,30.0%,6,9,13,16,19,23,26,30,34,39,45,55,66,77,87,100,113,126,140,159,178,197,216,239,262,286,312,340,369,428,452,476,499,523,547,571,595,618,642,658
☆☆,1,31.2%,6,9,13,16,19,23,27,31,35,40,46,57,68,80,90,104,117,131,145,165,185,204,224,248,272,297,324,353,383,445,470,495,518,543,568,593,618,642,667,684
☆☆,2,32.4%,6,9,14,17,20,24,28,32,36,42,48,59,71,83,93,108,122,136,151,171,192,212,233,258,282,308,336,367,398,462,488,514,538,564,590,616,642,667,693,710
☆☆,3,33.6%,6,10,14,17,21,25,29,33,38,43,50,61,73,86,97,112,126,141,156,178,199,220,241,267,293,320,349,380,413,479,506,533,558,585,612,639,666,692,719,736
☆☆,4,34.8%,6,10,15,18,22,26,30,34,39,45,52,63,76,89,100,116,131,146,162,184,206,228,250,277,303,331,361,394,428,496,524,552,578,606,634,662,690,716,744,763
☆☆,5,36.0%,7,10,15,19,22,27,31,36,40,46,54,66,79,92,104,120,135,151,168,190,213,236,259,286,314,343,374,408,442,513,542,571,598,627,656,685,714,741,770,789
☆☆,6,37.2%,7,11,16,19,23,28,32,37,42,48,55,68,81,95,107,124,140,156,173,197,220,244,267,296,324,354,386,421,457,530,560,590,618,648,678,708,737,766,796,815
☆☆,7,38.4%,7,11,16,20,24,29,33,38,43,49,57,70,84,98,111,128,144,161,179,203,227,252,276,305,335,366,399,435,472,547,578,609,638,669,700,730,761,791,821,842
☆☆,8,39.6%,7,11,17,21,25,30,34,39,44,51,59,72,87,101,114,132,149,166,184,209,234,260,285,315,345,377,411,448,487,564,596,628,658,690,722,753,785,815,847,868
☆☆,10,42.0%,8,12,18,22,26,32,36,42,47,54,63,77,92,107,121,140,158,176,196,222,249,275,302,334,366,400,436,476,516,599,632,666,698,732,765,799,833,865,898,921
☆☆☆,0,50.0%,10,16,21,27,32,38,43,51,58,66,75,92,110,128,146,167,189,211,234,265,297,328,360,398,437,476,520,566,615,714,753,793,833,872,912,952,991,"1,031","1,071","1,098"
☆☆☆,1,52.0%,10,16,21,28,33,39,44,53,60,68,78,95,114,133,151,173,196,219,243,275,308,341,374,413,454,495,540,588,639,742,783,824,866,906,948,990,"1,030","1,072","1,113","1,141"
☆☆☆,2,54.0%,10,17,22,29,34,41,46,55,62,71,81,99,118,138,157,180,204,227,252,286,320,354,388,429,471,514,561,611,664,771,813,856,899,941,984,"1,028","1,070","1,113","1,156","1,185"
☆☆☆,3,56.0%,11,17,23,30,35,42,48,57,64,73,84,103,123,143,163,187,211,236,262,296,332,367,403,445,489,533,582,633,688,799,843,888,932,976,"1,021","1,066","1,109","1,154","1,199","1,229"
☆☆☆,4,58.0%,11,18,24,31,37,44,49,59,67,76,87,106,127,148,169,193,219,244,271,307,344,380,417,461,506,552,603,656,713,828,873,919,966,"1,011","1,057","1,104","1,149","1,195","1,242","1,273"
☆☆☆,5,60.0%,12,19,25,32,38,45,51,61,69,79,90,110,132,153,175,200,226,253,280,318,356,393,432,477,524,571,624,679,738,856,903,951,999,"1,046","1,094","1,142","1,189","1,237","1,285","1,317"
☆☆☆,6,62.0%,12,19,26,33,39,47,53,63,71,81,93,114,136,158,181,207,234,261,290,328,368,406,446,493,541,590,644,701,762,885,933,983,"1,032","1,081","1,130","1,180","1,228","1,278","1,328","1,361"
☆☆☆,7,64.0%,12,20,26,34,40,48,55,65,74,84,96,117,140,163,186,213,241,270,299,339,380,419,460,509,559,609,665,724,787,913,963,"1,015","1,066","1,116","1,167","1,218","1,268","1,319","1,370","1,405"
☆☆☆,8,66.0%,13,21,27,35,42,50,56,67,76,87,99,121,145,168,192,220,249,278,308,349,392,432,475,525,576,628,686,747,811,942,993,"1,046","1,099","1,151","1,203","1,256","1,308","1,360","1,413","1,449"
☆☆☆,10,70.0%,14,22,29,37,44,53,60,71,81,92,105,128,154,179,204,233,264,295,327,371,415,459,504,557,611,666,728,792,861,999,"1,054","1,110","1,166","1,220","1,276","1,332","1,387","1,443","1,499","1,537"
☆☆☆☆/★★★,0,70.0%,15,22,30,38,46,54,61,71,81,92,105,130,155,180,205,235,265,296,328,372,416,460,505,558,612,667,728,793,861,"1,000","1,055","1,111","1,166","1,222","1,277","1,333","1,388","1,444","1,500","1,537"
☆☆☆☆/★★★,1,72.8%,15,22,31,39,47,56,63,73,84,95,109,135,161,187,213,244,275,307,341,386,432,478,525,580,636,693,757,824,895,"1,040","1,097","1,155","1,212","1,270","1,328","1,386","1,443","1,501","1,560","1,598"
☆☆☆☆/★★★,2,75.6%,16,23,32,41,49,58,65,76,87,99,113,140,167,194,221,253,286,319,354,401,449,496,545,602,660,720,786,856,929,"1,080","1,139","1,199","1,259","1,319","1,379","1,439","1,499","1,559","1,620","1,659"
☆☆☆☆/★★★,3,78.4%,16,24,33,42,51,60,68,79,90,103,117,145,173,201,229,263,296,331,367,416,465,515,565,624,685,747,815,888,964,"1,120","1,181","1,244","1,305","1,368","1,430","1,492","1,554","1,617","1,680","1,721"
☆☆☆☆/★★★,4,81.2%,17,25,34,44,53,62,70,82,93,106,121,150,179,208,237,272,307,343,380,431,482,533,585,647,709,773,844,919,998,"1,160","1,223","1,288","1,352","1,417","1,481","1,546","1,610","1,675","1,740","1,782"
☆☆☆☆/★★★,5,84.0%,18,26,36,45,55,64,73,85,97,110,126,156,186,216,246,282,318,355,393,446,499,552,606,669,734,800,873,951,"1,033","1,200","1,266","1,333","1,399","1,466","1,532","1,599","1,665","1,732","1,800","1,844"
☆☆☆☆/★★★,6,86.8%,18,27,37,47,57,66,75,88,100,114,130,161,192,223,254,291,328,367,406,461,515,570,626,691,758,827,902,983,"1,067","1,240","1,308","1,377","1,445","1,515","1,583","1,652","1,721","1,790","1,860","1,905"
☆☆☆☆/★★★,7,89.6%,19,28,38,48,58,69,78,90,103,117,134,166,198,230,262,300,339,378,419,476,532,588,646,714,783,853,931,"1,015","1,102","1,280","1,350","1,422","1,492","1,564","1,634","1,706","1,776","1,848","1,920","1,967"
☆☆☆☆/★★★,8,92.4%,19,29,39,50,60,71,80,93,106,121,138,171,204,237,270,310,349,390,432,491,549,607,666,736,807,880,960,"1,046","1,136","1,320","1,392","1,466","1,539","1,613","1,685","1,759","1,832","1,906","1,980","2,028"
☆☆☆☆/★★★,10,98.0%,21,30,42,53,64,75,85,99,113,128,147,182,217,252,287,329,371,414,459,520,582,644,707,781,856,933,"1,019","1,110","1,205","1,400","1,477","1,555","1,632","1,710","1,787","1,866","1,943","2,021","2,100","2,151"
☆☆☆☆☆/★★★★,0,100.0%,21,32,43,55,65,77,87,102,116,132,150,185,221,257,292,335,378,422,468,531,594,657,721,797,875,953,"1,040","1,133","1,230","1,428","1,507","1,587","1,666","1,745","1,825","1,904","1,983","2,062","2,142","2,196"
☆☆☆☆☆/★★★★,1,104.0%,21,33,44,57,67,80,90,106,120,137,156,192,229,267,303,348,393,438,486,552,617,683,749,828,910,991,"1,081","1,178","1,279","1,485","1,567","1,650","1,732","1,814","1,898","1,980","2,062","2,144","2,227","2,283"
☆☆☆☆☆/★★★★,2,108.0%,22,34,46,59,70,83,93,110,125,142,162,199,238,277,315,361,408,455,505,573,641,709,778,860,945,"1,029","1,123","1,223","1,328","1,542","1,627","1,713","1,799","1,884","1,971","2,056","2,141","2,226","2,313","2,371"
☆☆☆☆☆/★★★★,3,112.0%,23,35,48,61,72,86,97,114,129,147,168,207,247,287,327,375,423,472,524,594,665,735,807,892,980,"1,067","1,164","1,268","1,377","1,599","1,687","1,777","1,865","1,954","2,044","2,132","2,220","2,309","2,399","2,459"
☆☆☆☆☆/★★★★,4,116.0%,24,37,49,63,75,89,100,118,134,153,174,214,256,298,338,388,438,489,542,615,689,762,836,924,"1,015","1,105","1,206","1,314","1,426","1,656","1,748","1,840","1,932","2,024","2,117","2,208","2,300","2,391","2,484","2,547"
☆☆☆☆☆/★★★★,5,120.0%,25,38,51,66,78,92,104,122,139,158,180,222,265,308,350,402,453,506,561,637,712,788,865,956,"1,050","1,143","1,248","1,359","1,476","1,713","1,808","1,904","1,999","2,094","2,190","2,284","2,379","2,474","2,570","2,635"
☆☆☆☆☆/★★★★,6,124.0%,26,39,53,68,80,95,107,126,143,163,186,229,274,318,362,415,468,523,580,658,736,814,894,988,"1,085","1,181","1,289","1,404","1,525","1,770","1,868","1,967","2,065","2,163","2,263","2,360","2,458","2,556","2,656","2,723"
☆☆☆☆☆/★★★★,7,128.0%,26,40,55,70,83,98,111,130,148,168,192,236,282,328,373,428,483,540,599,679,760,840,922,"1,020","1,120","1,219","1,331","1,450","1,574","1,827","1,928","2,031","2,132","2,233","2,336","2,437","2,538","2,639","2,741","2,810"
☆☆☆☆☆/★★★★,8,132.0%,27,42,56,72,85,101,114,134,153,174,198,244,291,339,385,442,498,557,617,700,784,867,951,"1,052","1,155","1,257","1,372","1,495","1,623","1,884","1,989","2,094","2,199","2,303","2,409","2,513","2,617","2,721","2,827","2,898"
☆☆☆☆☆/★★★★,10,140.0%,29,44,60,77,91,107,121,142,162,184,210,259,309,359,408,469,529,590,655,743,831,919,"1,009","1,115","1,225","1,334","1,456","1,586","1,722","1,999","2,109","2,221","2,332","2,443","2,555","2,665","2,776","2,886","2,998","3,074"
Reference Value,N/A,420.0%,90,135,182,231,277,325,366,429,488,555,630,780,930,"1,080","1,230","1,410","1,590","1,776","1,968","2,232","2,496","2,760","3,030","3,350","3,675","4,005","4,370","4,760","5,170","6,000","6,333","6,666","6,999","7,333","7,666","7,999","8,331","8,664","9,000","9,225"
確定? (Confirmed?),,,1,1,1,1,1,1,1,1,1,1,1,1,1,1,1,1,1,1,1,1,1,1,1,1,1,1,1,1,1,1,1,1,1,1,1,1,1,1,1,
,,,,,,,,,,,,,,,,,,,,,,,,,,,,,,,,,,,,,,,,,,
Mental ★★★★★,0,特別,不該当,不該当,不該当,不該当,不該当,不該当,不該当,不該当,不該当,不該当,不該当,不該当,募集中,募集中,募集中,募集中,募集中,募集中,募集中,募集中,募集中,募集中,募集中,募集中,募集中,募集中,募集中,"1,680","1,803","1,925","2,048","2,171",募集中,募集中,募集中,募集中,募集中,募集中,募集中,募集中
Mental ★★★★★,1,特別,不該当,不該当,不該当,不該当,不該当,不該当,不該当,不該当,不該当,不該当,不該当,不該当,募集中,募集中,募集中,募集中,募集中,募集中,募集中,募集中,募集中,募集中,募集中,募集中,募集中,募集中,募集中,"1,747","1,875","2,002","2,129","2,257",募集中,募集中,募集中,募集中,募集中,募集中,募集中,募集中
Mental ★★★★★,2,特別,不該当,不該当,不該当,不該当,不該当,不該当,不該当,不該当,不該当,不該当,不該当,不該当,募集中,募集中,募集中,募集中,募集中,募集中,募集中,募集中,募集中,募集中,募集中,募集中,募集中,募集中,募集中,"1,814","1,947","2,079","2,211","2,344",募集中,募集中,募集中,募集中,募集中,募集中,募集中,募集中
Mental ★★★★★,3,特別,不該当,不該当,不該当,不該当,不該当,不該当,不該当,不該当,不該当,不該当,不該当,不該当,募集中,募集中,募集中,募集中,募集中,募集中,募集中,募集中,募集中,募集中,募集中,募集中,募集中,募集中,募集中,"1,881","2,019","2,156","2,293","2,431",募集中,募集中,募集中,募集中,募集中,募集中,募集中,募集中
Mental ★★★★★,4,特別,不該当,不該当,不該当,不該当,不該当,不該当,不該当,不該当,不該当,不該当,不該当,不該当,募集中,募集中,募集中,募集中,募集中,募集中,募集中,募集中,募集中,募集中,募集中,募集中,募集中,募集中,募集中,"1,948","2,091","2,233","2,375","2,518",募集中,募集中,募集中,募集中,募集中,募集中,募集中,募集中
Mental ★★★★★,5,特別,不該当,不該当,不該当,不該当,不該当,不該当,不該当,不該当,不該当,不該当,不該当,不該当,募集中,募集中,募集中,募集中,募集中,募集中,募集中,募集中,募集中,募集中,募集中,募集中,募集中,募集中,募集中,"2,016","2,163","2,310","2,457","2,605",募集中,募集中,募集中,募集中,募集中,募集中,募集中,募集中
Mental ★★★★★,6,特別,不該当,不該当,不該当,不該当,不該当,不該当,不該当,不該当,不該当,不該当,不該当,不該当,募集中,募集中,募集中,募集中,募集中,募集中,募集中,募集中,募集中,募集中,募集中,募集中,募集中,募集中,募集中,"2,083","2,235","2,387","2,539","2,692",募集中,募集中,募集中,募集中,募集中,募集中,募集中,募集中
Mental ★★★★★,7,特別,不該当,不該当,不該当,不該当,不該当,不該当,不該当,不該当,不該当,不該当,不該当,不該当,募集中,募集中,募集中,募集中,募集中,募集中,募集中,募集中,募集中,募集中,募集中,募集中,募集中,募集中,募集中,"2,150","2,307","2,464","2,621","2,778",募集中,募集中,募集中,募集中,募集中,募集中,募集中,募集中
Mental ★★★★★,8,特別,不該当,不該当,不該当,不該当,不該当,不該当,不該当,不該当,不該当,不該当,不該当,不該当,募集中,募集中,募集中,募集中,募集中,募集中,募集中,募集中,募集中,募集中,募集中,募集中,募集中,募集中,募集中,"2,217","2,379","2,541","2,703","2,865",募集中,募集中,募集中,募集中,募集中,募集中,募集中,募集中
Mental ★★★★★,10,特別,不該当,不該当,不該当,不該当,不該当,不該当,不該当,不該当,不該当,不該当,不該当,不該当,募集中,募集中,募集中,募集中,募集中,募集中,募集中,募集中,募集中,募集中,募集中,募集中,募集中,募集中,募集中,"2,352","2,524","2,695","2,867","3,039",募集中,募集中,募集中,募集中,募集中,募集中,募集中,募集中
Critical ★★★★★,0,特別,不該当,不該当,不該当,不該当,不該当,不該当,不該当,不該当,不該当,不該当,不該当,不該当,募集中,募集中,募集中,募集中,募集中,募集中,募集中,募集中,募集中,募集中,募集中,募集中,募集中,募集中,"2,840","3,053","3,276","3,498","3,721","3,944",募集中,募集中,募集中,募集中,募集中,募集中,募集中,募集中
Critical ★★★★★,1,特別,不該当,不該当,不該当,不該当,不該当,不該当,不該当,不該当,不該当,不該当,不該当,不該当,募集中,募集中,募集中,募集中,募集中,募集中,募集中,募集中,募集中,募集中,募集中,募集中,募集中,募集中,"2,953","3,175","3,407","3,637","3,869","4,101",募集中,募集中,募集中,募集中,募集中,募集中,募集中,募集中
Critical ★★★★★,2,特別,不該当,不該当,不該当,不該当,不該当,不該当,不該当,不該当,不該当,不該当,不該当,不該当,募集中,募集中,募集中,募集中,募集中,募集中,募集中,募集中,募集中,募集中,募集中,募集中,募集中,募集中,"3,067","3,297","3,538","3,777","4,018","4,259",募集中,募集中,募集中,募集中,募集中,募集中,募集中,募集中
Critical ★★★★★,3,特別,不該当,不該当,不該当,不該当,不該当,不該当,不該当,不該当,不該当,不該当,不該当,不該当,募集中,募集中,募集中,募集中,募集中,募集中,募集中,募集中,募集中,募集中,募集中,募集中,募集中,募集中,"3,180","3,419","3,669","3,917","4,167","4,417",募集中,募集中,募集中,募集中,募集中,募集中,募集中,募集中
Critical ★★★★★,4,特別,不該当,不該当,不該当,不該当,不該当,不該当,不該当,不該当,不該当,不該当,不該当,不該当,募集中,募集中,募集中,募集中,募集中,募集中,募集中,募集中,募集中,募集中,募集中,募集中,募集中,募集中,"3,294","3,541","3,800","4,057","4,316","4,575",募集中,募集中,募集中,募集中,募集中,募集中,募集中,募集中
Critical ★★★★★,5,特別,不該当,不該当,不該当,不該当,不該当,不該当,不該当,不該当,不該当,不該当,不該当,不該当,募集中,募集中,募集中,募集中,募集中,募集中,募集中,募集中,募集中,募集中,募集中,募集中,募集中,募集中,"3,408","3,663","3,931","4,197","4,465","4,732",募集中,募集中,募集中,募集中,募集中,募集中,募集中,募集中
Critical ★★★★★,6,特別,不該当,不該当,不該当,不該当,不該当,不該当,不該当,不該当,不該当,不該当,不該当,不該当,募集中,募集中,募集中,募集中,募集中,募集中,募集中,募集中,募集中,募集中,募集中,募集中,募集中,募集中,"3,521","3,785","4,062","4,337","4,614","4,890",募集中,募集中,募集中,募集中,募集中,募集中,募集中,募集中
Critical ★★★★★,7,特別,不該当,不該当,不該当,不該当,不該当,不該当,不該当,不該当,不該当,不該当,不該当,不該当,募集中,募集中,募集中,募集中,募集中,募集中,募集中,募集中,募集中,募集中,募集中,募集中,募集中,募集中,"3,635","3,907","4,193","4,477","4,762","5,048",募集中,募集中,募集中,募集中,募集中,募集中,募集中,募集中
Critical ★★★★★,8,特別,不該当,不該当,不該当,不該当,不該当,不該当,不該当,不該当,不該当,不該当,不該当,不該当,募集中,募集中,募集中,募集中,募集中,募集中,募集中,募集中,募集中,募集中,募集中,募集中,募集中,募集中,"3,748","4,029","4,324","4,617","4,911","5,206",募集中,募集中,募集中,募集中,募集中,募集中,募集中,募集中
Critical ★★★★★,10,特別,不該当,不該当,不該当,不該当,不該当,不該当,不該当,不該当,不該当,不該当,不該当,不該当,募集中,募集中,募集中,募集中,募集中,募集中,募集中,募集中,募集中,募集中,募集中,募集中,募集中,募集中,"3,976","4,274","4,586","4,897","5,209","5,521",募集中,募集中,募集中,募集中,募集中,募集中,募集中,募集中