Fans,来場ファン数,,
来場ファン数によるスコアボーナスは他のボーナスと乗算します。,,,
The score bonus from fans attending a live is multiplicative with all other score bonuses.,,,
,,,
来場ファン数の計算方法,,,
How to calculate the number of fans in attendance at the live,,,
(普通のファン数 × 5%) + (コアファン数 × 37%) = 来場ファン数 (容量がある場合),,,
↑ 近いですが、正しくない,,,
(# Normal Fans * 5%) + (# Core Fans * 37%) = Attending Fans (if venue is large enough),,,
"↑ The above formula is close, but also incorrect",,,
,,,
# of Fans (人数),スコアボーナス,Score Bonus,
10~1000,10人 = 0.1%,0.1% per 10 fans,
1001~5000,20人 = 0.1%,0.1% per 20 fans,
5001~9800,40人 = 0.1%,0.1% per 40 fans,
9801~10000,2.5人 = 0.1%,0.1% per 2.5 fans,
10001~20000,50人 = 0.1%,0.1% per 50 fans,
20001~,100人 = 0.1%,0.1% per 100 fans,
,,,
集目とステルスの効果,,,
"Details of the ""Attract"" and ""Stealth"" effects",,,
全員が「引力度」を持って、最初の設定が「100%」です。集目効果とステルス効果で1段階にあたり±5%の変動があります。ファン数が「自分の引力度」と「全5人の引力度」の割合で分布されています。ファン数の増減が割合だけですから、特定のアイドルが会場容量の5分の1に達成していない場合にも、同じ割合で増減します。,,,
"Each idol has a ""fan attraction"" parameter that begins at 100%. The attract and stealth effects each change the target idol's ""fan attraction"" by 5% in either direction. The actual fan totals are distributed by the ratio of (individual fan appeal) / (sum of all members' fan appeal). The increase or decrease of fan attention in this way is purely proportional, so even if some idols have not reached the full 20% of the venue capacity in attending fans, they cannot gain more fans from other idols at a higher rate.",,,
,,,
,,,
例 / Examples,,,"Confirmed up to 18,400 fans"
会場容量,# of Fans (人数),スコアボーナス,"18,400人まで確認しました"
,10,0.1%,
100,20,0.2%,
150,30,0.3%,
220,44,0.4%,
360,72,0.7%,
520,104,1.0%,
700,140,1.4%,
"1,000",200,2.0%,
"1,100",220,2.2%,
"1,200",240,2.4%,
"1,350",270,2.7%,
"1,500",300,3.0%,
"1,700",340,3.4%,
"1,900",380,3.8%,
"2,100",420,4.2%,
"2,350",470,4.7%,
"2,600",520,5.2%,
"2,900",580,5.8%,
"3,300",660,6.6%,
"3,800",760,7.6%,
"4,800",960,9.6%,
,"1,000",10.0%,直接に見ることは出来ません
"6,000","1,200",11.0%,
"7,500","1,500",12.5%,
"10,000","2,000",15.0%,
"11,000","2,200",16.0%,
"12,000","2,400",17.0%,
"13,000","2,600",18.0%,
"14,500","2,900",19.5%,
"16,000","3,200",21.0%,
"17,500","3,500",22.5%,
"19,000","3,800",24.0%,
"21,000","4,200",26.0%,
"23,000","4,600",28.0%,
,"5,000",30.0%,直接に見ることは出来ません
"26,000","5,200",30.5%,
"29,000","5,800",32.0%,
"32,000","6,400",33.5%,
"36,000","7,200",35.5%,
"40,000","8,000",37.5%,
"44,000","8,800",39.5%,
"49,000","9,800",42.0%,
,"10,000",50.0%,直接に見ることは出来ません
"55,000","11,000",52.0%,
"62,000","12,400",54.8%,
"70,000","14,000",58.0%,
"80,000","16,000",62.0%,
"92,000","18,400",66.8%,"18,400人まで確認しました"
,"20,000",70.0%,直接に見ることは出来ません
,"25,091",75.0%,"18,400人 + 集目10段階"
,"30,000",80.0%,察しだけ
,,,
Back to: IDOLY PRIDE Resource Portal,,,
アイドリープライドの攻略情報へ戻る,,,