スコアを伸びる効果 (Score increasing effects),公式 (Formula),最大効果 (Maximum Effect),例 (Examples),注意点 (Notes),,表 (Graphs)
スキルの「上昇」効果が「スキルパワー」を上昇します。基本的に乗算です。上昇したスキルパワーが少数の第2位から捨て下がる計算方法もあります。浮動小数点数の計算が使われているため、最後のスキルパワーが稀に期待する値より0.1%少ない場合があります。,,,"長瀬麻奈「You're my everything」のSPスキルがレベル3（1,140%）の場合、クリティカル率11段階で,1140% * (100% + 11段階 × 6.7%) = 1140% * 173.7% = 1,980.18%の効果が1,980.1%になります。",,,
"Skills with effect lines that can power up always do so by increasing their ""Skill Power"" parameter. The scaling is multiplicative with the original skill power. After applying the effect, round down the resulting skill power to the nearest 0.1%. The in-game computation is performed using floating-point arithmetic, so it is possible for the true final skill power to be 0.1% lower than the expected value.",,,"Consider ""You're my everything"" Mana Nagase's SP skill at level 3 (1,140% skill power). If she has 11 steps of Critical Rate UP, then the skill power is calculated to be 1,140% * (100% + 11 steps * 6.7%) = 1,140% * 173.7% = 1,980.18%. The second decimal place is discarded, so the final result is truncated to 1,980.1%.",,,
,,,,,,
ボーカルアップ状態の段階数が多い程効果上昇,段階数 × +6.0%,20段階 = +120.0%,"スキルパワー1,500%、6段階 → (1,500% x 1.36) = 2,040%",ボーカルブーストが別の上昇効果なので無関係です,,
,,,,ボーカル低下効果があっても無関係です,,
Effect increased based on # of steps of Vocal UP,(# Steps) × 6.0%,20 Steps = +120.0%,"Skill Power = 1,500%, 6 Steps (1.36x) → 2,040% skill power",Vocal Boost does not count as Vocal UP,,
,,,,Vocal DOWN does not negate or reduce the effect,,
,,,,,,
ボーカルブースト状態の段階数が多い程効果上昇,段階数 × +6.0%,20段階 = +120.0%,"スキルパワー1,540%、6段階 → (1,540% x 1.36) = 2,094.4%",ボーカル上昇効果が別の上昇効果なので無関係です,,
,,,,ボーカル低下効果があっても無関係です,,
Effect increased based on # of steps of Vocal Boost,(# Steps) × 6.0%,20 Steps = +120.0%,"Skill Power = 1,540%, 6 Steps (1.36x) → 2,094.4% skill power",Vocal UP does not count as Vocal Boost,,
,,,,Vocal DOWN does not negate or reduce the effect,,
,,,,,,
ダンスアップ状態の段階数が多い程効果上昇,段階数 × +6.0%,20段階 = +120.0%,"スキルパワー1,500%、6段階 → (1,500% x 1.36) = 2,040%",ダンスブーストが別の上昇効果なので無関係です,,
,,,,ダンス低下効果があっても無関係です,,
Effect increased based on # of steps of Dance UP,(# Steps) × 6.0%,20 Steps = +120.0%,"Skill Power = 1,500%, 6 Steps (1.36x) → 2,040% skill power",Dance Boost does not count as Dance UP,,
,,,,Dance DOWN does not negate or reduce the effect,,
,,,,,,
ダンスブースト状態の段階数が多い程効果上昇,段階数 × +6.0%,20段階 = +120.0%,"スキルパワー1,540%、6段階 → (1,540% x 1.36) = 2,094.4%",ダンス上昇効果が別の上昇効果なので無関係です,,
,,,,ダンス低下効果があっても無関係です,,
Effect increased based on # of steps of Dance Boost,(# Steps) × 6.0%,20 Steps = +120.0%,"Skill Power = 1,540%, 6 Steps (1.36x) → 2,094.4% skill power",Dance UP does not count as Dance Boost,,
,,,,Dance DOWN does not negate or reduce the effect,,
,,,,,,
ビジュアルアップ状態の段階数が多い程効果上昇,段階数 × +6.0%,20段階 = +120.0%,"スキルパワー1,500%、6段階 → (1,500% x 1.36) = 2,040%",ビジュアルブーストが別の上昇効果なので無関係です,,
,,,,ビジュアル低下効果があっても無関係です,,
Effect increased based on # of steps of Visual UP,(# Steps) × 6.0%,20 Steps = +120.0%,"Skill Power = 1,500%, 6 Steps (1.36x) → 2,040% skill power",Visual Boost does not count as Visual UP,,
,,,,Visual DOWN does not negate or reduce the effect,,
,,,,,,
ビジュアルブースト状態の段階数が多い程効果上昇,段階数 × +6.0%,20段階 = +120.0%,"スキルパワー1,540%、6段階 → (1,540% x 1.36) = 2,094.4%",ビジュアル上昇効果が別の上昇効果なので無関係です,,
,,,,ビジュアル低下効果があっても無関係です,,
Effect increased based on # of steps of Visual Boost,(# Steps) × 6.0%,20 Steps = +120.0%,"Skill Power = 1,540%, 6 Steps (1.36x) → 2,094.4% skill power",Visual UP does not count as Visual Boost,,
,,,,Visual DOWN does not negate or reduce the effect,,
,,,,,,
テンションUP状態の段階数が多い程効果上昇,段階数 × +16.0%,10段階 = +160.0%,"スキルパワー1,350%、10段階 → (1,350% x 2.60) = 3,510.0%",,,
,,,,,,
Effect increased based on # of steps of Tension UP,(# Steps) × 16.0%,10 Steps = +160.0%,"Skill Power = 1,350%, 10 Steps (2.60x) → 3,510.0% skill power",,,
,,,,,,
,,,,,,
強化効果が多い程効果上昇,例,Example,,Effect increased based on # of (unique) buff effects,,
Vo ☆5 川咲さくら 夢の共演 (SP),1種類 = +14%,8 Types = +112%,,14.0% × 上昇効果の種類の数 (最大限なし),,
Da ☆5 子美山愛 掴みとる夢 (A),2種類 = +28%,5 Types = +70%,,14.0% * (Number of unique buff effects) [No maximum value],,
Vo ☆5 伊吹渚 この瞬間の主役 (A1),同じだと思います,Should be the same,,2022年6月20日正午前：最大限なし,,
Vi ☆5 一ノ瀬怜 失敗なんて恐れない (SP),,,,2022年6月20日正午後：最大限9種類 (+126%),,
Da ☆4 一ノ瀬怜 密かな楽しみ (SP),,,,"Before June 20th, 2022: No upper limit",,
Vo ☆3 早坂芽衣 バランス感覚UP (A),,,,"After June 20th, 2022: Maximum 9 types (+126%)",,
Vo ☆5 赤崎こころ ビタースイートメモリーズ (A),,,,,,
Vi ☆5 伊吹渚 夏空シェイプアップ (A1),,,,,,
,,,,,,
残スタミナが多い程効果上昇,例,Example,,Effect increased based on % of remaining stamina,,
参考：スキルの発動後のスタミナ率です。,,,,Note: The stamina value after skill activation is used.,,
Vo ☆5 神崎莉央 空気を震わせて (SP),50%スタミナ = +20%,75%スタミナ = +45%,,80% × (スタミナ残量率の2乗) (最大 +80%),,
Da ☆5 早坂芽衣 カメラ越しの笑顔 (A1),90%スタミナ = +64.8%,100%スタミナ = +80%,,80% * (Remaining Stamina % Squared) [Max. value +80%],,
Da ☆5 天動瑠依 白息はずむホーリーナイト (SP),同じだと思います,Should be the same,,,,
Vi ☆5 奥山すみれ 小さなヒロイン (A),,,,,,
Vo ☆4 天動瑠依 ほっと帰り道 (A2),,,,,,
Vo ☆4 鈴村優 至福の時間 (SP),,,,,,
Da ☆1 天動瑠依 夕暮れのホームで (SP),,,,,,
Vi ☆2 神崎莉央 心引き締まるレッスン合宿 (P),,,,,,
Vi ☆5 井川葵 おかしな気分は君のせい (A),,,,,,
Da ☆5 伊吹渚 姉妹の活躍に染められて (A),,,,,,
Vi ☆5 長瀬麻奈 花火に鼓動が高鳴る夜 (A),,,,,,
Vi ☆5 伊吹渚 夏空シェイプアップ (SP),,,,,,
,,,,,,
残スタミナが少ない程効果上昇,例,Example,,Effect increased based on % of depleted stamina,,
参考：スキルの発動後のスタミナ率です。,,,,Note: The stamina value after skill activation is used.,,
Vo ☆4 赤崎こころ 無邪気ないたずらっ子 (SP),50%スタミナ = +20%,0%スタミナ = +80%,,80% × スタミナ消費率の2乗 (最大 +80%),,
,,,,,,
クリティカル率アップの状態の段階数が多い程効果上昇,例,Example,,Effect increased based on # of steps of Critical Rate UP,,
Vo ☆5 長瀬麻奈 You're my everything (SP),1段階 = +6.7%,20段階 = +134%,,6.7% × 段階数 (最大 +134%),,
Vo ☆5 長瀬琴乃 イノセントステージ (A),1 step = +6.7%,20 steps = +134%,,6.7% × (# of steps) [Max. value +134%],,
,,,,,,
コンボ数が多い程効果上昇,例,Example,,Effect increased based on combo counter,,
Vi ☆5 成宮すず パワフルガール (SP),1コンボ = +(10/11) × 1%,110コンボ = +100%,,1%の11分の10 × 発動前のコンボ数 (最大限なし),,
Da ☆4 井川葵 冷めた夜 (SP),1コンボ = +(10/11) × 1%,110コンボ = +100%,,10/11 of 1% * (Combo prior to activation) (No maximum value),,
Vi ☆3 奥山すみれ 努力のたまもの (SP),1コンボ = +(10/11) × 1%,110コンボ = +100%,,,,
Vo ☆3 川咲さくら 元気100倍！ (SP),1コンボ = +(10/11) × 1%,110コンボ = +100%,,,,
Vi ☆3 成宮すず へろへろランニング (SP),1コンボ = +(10/11) × 1%,110コンボ = +100%,,,,
Vi ☆2 川咲さくら 夜空に咲く花 (A1),同じだと思います,Should be the same,,,,
Vo ☆5 鈴村優 うちらのクリスマスライブ (A),,,,,,
Vo ☆5 fran snake in the grass (SP),,,,,,
,,,,,,
コンボ数が少ない程効果上昇,例,Example,,Effect decreased based on combo counter,,
,0コンボ = +200%,150コンボ = +0%,,"200% × (MAX(0, 150 - 発動前のコンボ数) / 150) ** 2",,
,50コンボ = +88.89%,100コンボ = +22.22%,,200% * ((150 - Combo prior to activation) / 150 ** 2),,
,,,,,,
コアファン率が多い程効果上昇,例,Example,,Effect increased as Core Fan % increases,,
Vo ☆4 天動瑠依 ほっと帰り道 (SP),コアファン率12.5% = スコア +2.8125%,,,180% × (コアファン率の2乗) (最大 +180%),,
Da ☆1 天動瑠依 夕暮れのホームで (A),コアファン率50.0% = スコア +45%,,,180% * (Core Fan % Squared) [Maximum value +180%],,
,,,,,,
観客数割合が少ない程効果上昇,例,Example,,Effect increased as percentage of viewing fans decreases,,
Vo ☆3 早坂芽衣 メイクアップタ～イム (P1),,,,,,
,,,,,,
自身の発動したスキル数が多い程効果上昇,例,Example,,Effect increased based on # of skills triggered,,
Da ☆5 神崎莉央 その魅力、モンスター級 (SP),1回 = +9.7%,2 times = +19.4%,,9.7% × スキル数 (フォトのスキルを含む),,
Vi ☆5 一ノ瀬怜 花あかり誘う笑顔 (P2),10回 = +97.0%,5 times = +48.5%,,9.7% * (Number of skills triggered) [Photo skills are included],,
,,,,,,
消費したスタミナが多い程効果上昇,例,Example,,Effect increased based on total stamina consumed,,
Vi ☆5 神崎莉央 奇跡より必然 (SP),1スタミナ = +0.011%,100 Stamina = +1.1%,,0.011% × 消費したスタミナ,,
Vo ☆5 成宮すず 背伸びをしても、届かない (A),"1,000スタミナ = +11%","5,000 Stamina = +55%",,0.011% × (cumulative stamina consumption),,
,,,,,,
アピールスコアアップの状態の段階数が多い程効果上昇,例,Example,,Effect increased based on # of steps of A Score UP,,
＊実際にはゲーム内、計算のエラーが生じて、時々結果が0.1%落ちます。例えばLv1（スキルパワー＝300%）と20段階で678.0%にならなくて、677.9%だけになります。4段階の場合、異常がありませんでした。,,,,"＊In reality, this bonus has some sort of computational error, so very small loss of effect is possible. For example, with Rei's skill Lv1 (skill power 300%) and 20 steps of A Score UP, the final power is not 678.0%, but 677.9%. This rounding loss of 0.1% power was not observed with only 4 steps of A Score UP.",,
Vi ☆5 一ノ瀬怜 絶対秘密のバックステージ (A2),1段階 = +6.3%,1 Step = +6.3%,,6.3% × 段階数 (最大 +126.0%),,
Vo ☆2 兵藤雫 みんなのピースを (A),20段階 = +126.0%,20 Steps = +126%,,6.3% × (# of steps) [Max. value +126%],,
,,,,,,
クリティカル係数アップの状態の段階数が多い程効果上昇,例,Example,,Effect increased based on # of steps of Critical Score UP,,
Vi ☆5 井川葵 おかしな気分は君のせい (SP),1段階 = +6.3%,20段階 = +126%,,6.3% × 段階数 (最大 +126.0%),,
,,,,,,
スタミナ消費低減状態の段階数が多い程効果上昇,例,Example,,Effect increased based on # of steps of Stamina Use DOWN,,
Da ☆5 白石千紗 ひと握りの勇気 (SP),1段階 = +6.0%,20段階 = +120%,,6.0% × 段階数 (最大 +120.0%),,
,,,,,,
集目状態の段階数が多い程効果上昇,例,Example,,Effect increased based on # of steps of Attract,,
Da ☆5 長瀬麻奈 ただ、手を繋ぐだけ (SP),1段階 = +7.0%,10段階 = +70%,,7.0% × 段階数 (最大 +70.0%),,
,,,,,,
このスキルで消費したスタミナが多い程効果上昇,例,Example,,Effect increased based on stamina consumed by this skill,,
Vi ☆5 長瀬麻奈 花火に鼓動が高鳴る夜 (SP),900スタミナ = +0.0%,"2,000 Stamina = +34.68%",,"log10(消費したスタミナ / 900) (9,000スタミナで最大 +100.0%)",,
,"9,000スタミナ = +100%","5,000 Stamina = +74.47%",,"log10(stamina consumed / 900) (Max +100.0% at 9,000 stamina)",,
,,,,,,
成功率が多い程効果上昇,例,Example,,Effect increased based on Skill Success Rate,,
Vi ☆5 天動瑠依 歌に載せて届ける想い (SP),成功率75% = +36.0%,成功率200% = +96.0%,,48.0% × 成功率 (最大 +96.0%) ; 成功率の単位 = 0.1%,,
,,,,,,
○○メンバーの編成数が多い程効果上昇,例,Example,,Effect increased based on # of members from same unit,,
Vi ☆5 川咲さくら Happyサニーパレード (SP),4人以上で+100%,"With 4+ members, +100%",,,,
,,,,,,
,,,,,,
,,,,,,
,,,,,,
,,,,,,
,,,,,,
,,,,,,
,,,,,,
Back to: IDOLY PRIDE Resource Portal,,,,,,
アイドリープライドの攻略情報へ戻る,,,,,,